user_id,Total_spend_correctly_updated,count_saved_items_correctly_updated,loyalty_credits_correctly_updated,batch_id_correctly_updated,,Total_spend_incorrectly_updated,count_saved_items_incorrectly_updated,loyalty_credits_incorrectly_updated,batch_id_incorrectly_updated
1,4070,10,179,4940,,1119,34,109,1536
3,4558,43,736,4510,,390,15,113,105
9,4379,16,148,4673,,626,26,708,1218
22,4375,3,139,4851,,1140,22,511,1789
30,4946,1,712,5541,,1012,29,472,1626
31,4027,48,446,5919,,1082,24,301,198
38,4745,24,929,4824,,712,42,993,587
42,4790,6,476,5027,,3995,18,8,3779
50,4471,28,152,4732,,2460,2,21,2593
61,4258,28,152,4639,,556,2,390,1800
64,4349,14,969,4945,,1787,16,659,1284
69,4272,33,781,4780,,270,0,209,725
81,4013,23,569,5100,,709,40,147,1940
83,4147,36,409,5032,,1120,19,693,1563
85,4252,11,744,4867,,3414,2,184,3396
92,4897,24,778,4768,,562,27,990,1697
100,4394,41,14,5531,,3547,28,138,4042
101,4777,30,825,5002,,795,47,940,31
105,4997,38,825,4741,,1544,3,411,997
106,4665,22,694,5568,,479,13,806,1937
109,4247,33,23,5571,,646,38,342,883
114,4984,18,150,4561,,3174,15,928,4233
115,4486,47,894,5767,,3683,5,948,4428
117,4286,21,392,5148,,843,50,894,865
119,4171,12,734,5417,,3876,43,125,4221
125,4772,13,586,5445,,1515,21,756,1568
137,4816,39,124,5449,,445,8,292,1960
142,4357,44,742,5053,,1849,16,899,1820
143,4648,12,655,5406,,215,18,443,616
146,4104,48,296,5054,,3840,35,246,4109
148,4090,8,437,4899,,1685,0,260,1232
149,4843,2,50,4871,,11,8,114,1813
159,4055,40,163,4635,,1748,13,733,1691
164,4895,13,233,5060,,190,4,544,1422
165,4223,4,773,5471,,2570,25,991,2266
168,4513,10,134,5353,,2637,16,389,2725
171,4942,3,262,5526,,2050,12,278,2878
180,4393,15,337,5339,,510,32,995,1125
190,4576,18,393,5730,,2982,17,196,2807
191,4223,41,206,5552,,1396,6,777,595
192,4027,16,508,4708,,3776,38,555,3911
196,4246,37,697,5685,,1014,44,620,1510
197,4402,4,922,5651,,801,28,45,1835
202,4276,19,493,4517,,966,23,352,467
206,4788,15,816,5266,,2624,35,582,2516
207,4141,43,98,5516,,1558,16,930,1606
209,4788,39,673,5388,,1415,38,232,1348
210,4680,32,833,5554,,3583,47,494,3959
213,4890,34,187,5583,,720,34,537,1257
215,4879,22,324,5770,,1705,16,892,454
219,4200,42,851,4697,,3289,32,131,3221
229,4778,42,88,5693,,3613,47,299,3309
235,4743,36,894,5939,,3372,24,191,3268
239,4684,40,491,5764,,1136,36,294,897
247,4841,6,299,5381,,3717,2,189,3851
254,4520,24,379,5252,,454,24,108,373
259,4651,43,44,4912,,20,0,790,1216
261,4364,19,350,5638,,1712,7,527,1536
267,4698,18,624,5616,,3839,47,789,3845
272,4835,39,458,5828,,1459,13,269,194
276,4179,25,875,5560,,1054,23,74,1324
279,4210,25,700,4541,,1604,7,939,680
280,4586,40,190,4957,,599,30,555,1912
283,4019,12,959,5768,,1805,19,907,426
286,4116,46,64,5988,,2317,37,610,2503
288,4708,19,365,5835,,1498,8,13,772
295,4196,8,992,5000,,859,45,959,1280
299,4603,11,599,4723,,3653,5,397,3410
305,4528,46,157,5149,,1763,34,88,347
312,4141,1,760,5850,,148,31,555,707
327,4703,28,540,5928,,3740,38,695,3703
328,4289,27,424,4639,,3864,1,887,3223
329,4140,31,896,4936,,1551,18,684,1973
351,4888,41,732,4723,,3432,43,853,3656
356,4052,16,798,5617,,568,47,765,1989
359,4184,21,286,4552,,37,13,461,65
370,4402,50,197,5725,,886,37,347,1752
377,4593,27,277,4806,,160,47,854,169
387,4916,8,132,5139,,1880,32,902,1693
402,4452,10,83,4568,,1589,29,647,1692
405,4150,20,647,5352,,283,30,374,360
412,4693,33,637,5392,,1885,13,478,111
413,4762,24,587,5634,,445,11,516,1083
416,4330,15,826,5181,,66,12,377,296
430,4715,48,143,5924,,2965,8,526,2749
437,4639,29,233,5343,,3837,39,268,4029
446,4945,36,732,4965,,2712,4,152,2187
449,4639,15,337,5880,,1704,7,528,804
458,4134,39,505,5656,,3074,46,387,3034
460,4200,20,681,5411,,579,15,572,1172
473,4774,30,439,5828,,1114,25,25,708
474,4765,22,661,5468,,1416,8,255,1640
477,4039,11,658,5710,,3780,27,135,3731
487,4213,24,616,4783,,1038,27,667,694
492,4318,31,650,5489,,1338,1,845,134
495,4029,22,845,5797,,3940,13,257,3015
496,4979,45,684,4557,,1946,21,773,1475
500,4932,40,792,4886,,1837,44,864,1886
506,4940,46,817,4688,,1173,26,210,935
515,4851,20,343,5496,,1870,28,662,1494
517,4626,14,730,5024,,1930,32,536,1879
520,4984,24,826,5608,,1033,39,420,887
523,4228,39,848,4864,,1792,19,711,1869
525,4317,23,289,5204,,1473,34,67,1864
527,4967,21,260,5704,,2394,43,676,2397
531,4412,2,755,5184,,418,7,511,1142
535,4065,26,427,5157,,1531,42,612,1342
536,4007,1,49,5536,,5,9,297,500
539,4115,33,572,5080,,1834,27,43,589
542,4875,39,261,5009,,2789,50,0,2298
552,4383,35,955,5229,,1734,29,312,466
553,4562,9,606,5987,,2800,45,638,2689
565,4851,37,762,4502,,3838,43,213,3373
570,4558,19,735,4763,,3547,46,744,3247
582,4691,27,858,4821,,3880,11,279,3039
585,4965,20,552,4930,,706,39,178,1889
586,4566,49,161,5668,,1838,3,832,130
587,4443,45,65,4550,,3692,50,632,3784
588,4820,10,775,5235,,2095,26,510,2190
597,4570,12,645,5250,,586,22,403,1356
612,4326,49,983,5553,,1394,38,571,286
613,4117,35,881,5055,,927,23,880,10
614,4072,48,439,5513,,3798,20,258,3924
617,4543,50,833,5275,,1901,41,211,1316
621,4492,26,137,5682,,627,6,408,1908
626,4341,13,801,5430,,506,23,123,478
628,4603,19,513,5494,,1037,28,454,1464
636,4906,36,494,4582,,1019,14,687,463
641,4263,45,810,5281,,29,21,330,828
647,4970,49,421,4875,,667,17,223,242
648,4847,10,101,5639,,1656,21,717,10
653,4184,27,278,5585,,1306,10,912,480
655,4860,35,631,4942,,417,45,925,1133
669,4496,43,370,5590,,1604,38,823,111
672,4669,1,96,5261,,216,2,694,989
676,4444,49,843,4806,,56,34,517,1129
685,4564,4,864,5715,,377,29,136,416
690,4180,28,730,4715,,250,9,61,605
695,4739,6,886,4729,,1178,40,814,1274
698,4823,20,703,5468,,870,46,122,1648
700,4999,46,929,4904,,1075,30,632,1779
704,4655,34,169,5772,,2957,14,807,2934
706,4230,40,482,4845,,2542,33,396,2237
712,4696,36,47,4765,,35,23,231,1537
715,4499,45,875,4609,,2477,27,555,2932
730,4928,25,326,5115,,194,9,517,498
732,4524,30,104,4509,,2119,1,272,2028
735,4834,22,898,4520,,411,31,879,659
738,4508,14,287,5351,,1437,13,667,1440
749,4252,45,829,5909,,2537,21,712,2176
753,4113,13,753,4684,,351,34,382,1613
763,4647,12,930,5379,,1241,30,430,1830
769,4759,6,727,5703,,2627,31,671,2785
773,4888,20,976,5404,,2224,16,79,2419
776,4471,41,427,5420,,160,41,565,495
778,4711,0,840,5962,,2967,21,791,2624
779,4821,43,204,4579,,937,33,277,1630
785,4445,11,333,4719,,300,40,896,1690
786,4673,40,721,5376,,1238,40,970,486
798,4664,14,195,5158,,3937,26,271,3712
801,4401,36,417,5776,,2503,25,394,2607
802,4537,2,795,4717,,1413,37,537,267
812,4863,17,156,5252,,3307,17,492,3034
817,4266,40,855,5924,,1473,8,525,589
819,4408,25,808,4501,,1814,8,875,1032
827,4280,25,927,5884,,1116,44,580,376
859,4857,8,101,5468,,419,42,791,1371
863,4162,6,384,4990,,500,4,64,1208
864,4309,12,227,5770,,1971,27,45,663
871,4235,39,383,5765,,3572,43,587,4297
874,4410,22,568,4979,,42,25,727,93
882,4224,6,818,5588,,1958,16,963,644
883,4002,41,136,5138,,309,37,707,1228
895,4774,5,542,5764,,699,19,488,1892
901,4153,9,950,5090,,344,20,59,1009
903,4610,25,487,4721,,937,11,24,1024
904,4189,41,297,4906,,3347,42,420,3866
909,4623,3,889,5081,,2172,13,49,2495
918,4586,9,142,4760,,549,33,751,999
927,4975,7,618,4935,,623,11,582,669
929,4765,23,451,5511,,3280,2,317,3510
931,4568,15,302,5324,,3017,37,787,4169
933,4771,50,202,4642,,1042,42,727,1496
941,4996,34,301,4660,,2574,21,329,2875
942,4727,12,334,5064,,942,17,827,1279
959,4690,16,971,5756,,2265,45,839,2119
972,4123,43,862,4597,,2185,6,887,2652
997,4606,23,602,5172,,1497,45,812,1821
1003,4952,23,447,5928,,2228,35,627,2476
1013,4557,2,251,5662,,2972,13,877,2099
1014,4724,44,462,5472,,1378,31,179,1228
1018,4958,18,501,5505,,3456,4,623,4120
1027,4942,32,384,4785,,207,23,360,758
1028,4565,32,292,5651,,1897,16,523,1781
1035,4028,1,592,5476,,792,8,865,1616
1048,4241,5,611,5806,,914,4,114,1762
1050,4870,34,360,5840,,701,11,688,1428
1057,4565,22,501,4844,,3821,49,978,4252
1061,4352,3,550,5177,,1899,2,2,1770
1074,4723,46,989,4628,,3916,47,416,4431
1076,4846,44,659,5398,,479,23,336,1317
1082,4976,28,385,5972,,470,34,44,152
1084,4040,6,398,5909,,2127,20,919,2412
1089,4180,8,616,5103,,2243,42,486,2476
1103,4391,31,467,5269,,1791,42,393,904
1106,4382,38,168,5513,,1993,0,443,523
1111,4068,32,462,5581,,738,48,820,1198
1124,4356,36,907,4725,,2562,41,325,2108
1127,4068,8,73,5641,,909,48,101,193
1157,4134,37,32,4830,,3879,32,797,3850
1163,4238,47,780,4796,,3535,13,37,3322
1174,4393,35,236,5448,,2153,23,583,2822
1181,4463,27,995,4572,,529,26,418,194
1197,4426,19,512,5364,,2996,35,17,2446
1203,4135,13,115,5772,,226,34,109,1420
1216,4338,35,711,4541,,267,10,306,359
1217,4570,26,677,4577,,1411,2,926,613
1220,4761,13,81,4791,,2966,2,622,2667
1224,4770,15,648,5833,,1830,34,450,1324
1225,4935,42,717,5300,,1549,48,972,1212
1226,4703,50,86,5092,,1710,17,802,878
1229,4984,48,897,5441,,1749,17,193,496
1231,4672,28,55,5659,,3742,6,384,3575
1239,4012,22,11,5219,,3019,11,69,3372
1252,4909,32,429,5473,,1206,0,224,162
1257,4629,50,189,5386,,1315,7,595,163
1259,4408,24,936,4844,,540,10,394,713
1264,4630,3,65,4967,,3734,10,406,3076
1281,4965,29,859,5451,,71,44,5,1987
1287,4787,47,629,5670,,3958,27,137,4420
1288,4578,1,69,5229,,2504,38,960,2743
1290,4935,40,583,5722,,3334,8,286,4009
1305,4953,25,823,4837,,391,33,68,813
1313,4897,37,648,5595,,1089,25,126,1336
1318,4831,17,254,5224,,2376,16,268,2966
1320,4342,38,437,4755,,768,40,330,1001
1325,4009,47,193,4911,,1050,33,475,144
1332,4080,32,638,4928,,908,11,645,971
1339,4008,42,443,5579,,1158,4,755,1034
1342,4596,45,257,4508,,2040,9,803,2267
1343,4290,40,101,5371,,1426,24,761,600
1345,4578,25,481,5955,,76,12,242,1597
1346,4883,5,163,4738,,3565,18,563,3746
1349,4967,5,887,5608,,2592,12,477,2432
1355,4078,27,630,4636,,3205,43,560,3590
1369,4306,32,150,5154,,261,38,88,1344
1374,4424,41,216,4516,,1375,27,709,894
1381,4160,1,131,5790,,1620,47,97,266
1389,4513,5,718,5127,,266,4,486,1177
1409,4220,25,406,5272,,3355,38,880,3552
1410,4907,49,287,4911,,1245,25,730,600
1415,4362,37,745,5027,,1840,7,267,8
1426,4895,35,934,4972,,3047,7,567,4033
1433,4741,27,474,5931,,3642,5,406,3770
1437,4164,45,673,5603,,652,18,123,240
1456,4040,30,584,5879,,1254,13,961,1054
1466,4806,49,213,5456,,1265,8,986,1302
1467,4862,22,205,5724,,381,37,347,503
1470,4437,29,24,5498,,3519,35,82,4011
1487,4046,32,508,4665,,1131,31,274,176
1492,4080,11,318,4810,,2492,22,949,2979
1494,4902,6,638,5808,,1855,8,903,568
1503,4212,5,794,4598,,613,20,797,1455
1505,4689,18,929,4577,,613,35,734,760
1509,4250,31,538,5842,,1415,1,295,707
1510,4728,19,834,4595,,2886,36,687,2359
1511,4658,33,214,5611,,832,37,352,1758
1512,4870,1,524,4572,,180,32,40,1198
1517,4511,22,656,4518,,482,1,447,717
1518,4054,14,732,5754,,2493,32,486,2067
1520,4300,38,935,5637,,1887,23,693,341
1521,4783,47,550,5154,,1160,47,978,1318
1528,4481,40,548,5706,,3073,6,230,4221
1532,4853,46,784,5133,,2266,40,515,2977
1546,4524,17,335,5222,,3293,22,510,3255
1547,4035,9,760,4799,,829,44,11,1616
1548,4086,35,970,4978,,1365,22,90,301
1551,4246,22,751,5562,,1422,24,807,837
1555,4756,12,663,5736,,3957,20,67,3379
1557,4814,6,625,5957,,3816,12,71,3043
1566,4756,31,818,4577,,1443,42,458,1556
1577,4953,50,527,5502,,3930,18,272,3185
1580,4279,39,212,5584,,2378,50,691,2211
1584,4823,30,912,4527,,987,20,465,939
1587,4662,45,830,4728,,1558,28,503,1208
1588,4628,31,127,5534,,661,25,94,990
1589,4109,19,708,5005,,3734,7,23,3302
1606,4339,6,823,5568,,1777,38,328,1342
1609,4345,46,611,4781,,1592,24,123,1361
1611,4244,10,688,4872,,1419,37,342,478
1616,4719,31,687,5876,,321,34,876,1630
1624,4131,4,407,5668,,1039,45,110,515
1626,4112,18,805,4553,,1008,39,822,1236
1627,4574,11,446,5074,,641,47,249,1977
1629,4066,28,122,4614,,3530,27,354,3461
1630,4231,27,434,5645,,1611,20,496,71
1636,4157,6,169,5450,,804,31,61,169
1648,4760,48,946,5307,,2218,21,303,2943
1656,4927,23,21,5262,,2614,38,650,2402
1660,4366,39,902,4536,,1286,8,461,1488
1661,4088,3,80,4881,,2498,10,786,2789
1663,4770,41,751,4543,,3390,21,348,3066
1664,4185,1,544,4568,,607,34,793,863
1668,4528,21,443,5960,,1187,18,276,470
1669,4181,28,915,5833,,1665,35,259,1083
1670,4963,21,677,5260,,1872,11,26,1908
1673,4005,15,931,5399,,1574,41,743,138
1674,4320,47,517,5257,,2941,26,98,2994
1678,4062,48,342,5559,,3695,39,558,3257
1685,4615,13,88,5197,,3380,2,750,3299
1691,4086,3,468,4681,,1018,47,768,1313
1694,4199,27,213,5610,,3336,12,837,4474
1695,4288,35,63,4661,,1864,50,237,282
1711,4871,37,609,5391,,1223,50,889,1499
1712,4141,3,507,4602,,3891,35,572,3439
1737,4172,23,385,4536,,366,37,155,90
1742,4719,31,627,5956,,2799,40,92,2009
1749,4072,26,569,5607,,653,47,330,20
1754,4457,7,258,5195,,1722,49,67,607
1757,4035,11,273,4723,,226,50,584,1814
1770,4683,14,508,5306,,1357,25,449,1935
1771,4201,2,737,4605,,1183,27,648,1807
1773,4886,32,699,4609,,1678,48,743,344
1776,4062,22,509,4969,,3735,9,346,3934
1779,4058,47,820,5037,,3524,49,824,3268
1781,4286,19,472,4855,,3496,12,64,3902
1784,4741,49,97,5431,,545,18,690,292
1788,4784,47,625,5119,,437,19,524,1684
1789,4538,17,977,5572,,3857,40,152,3836
1790,4369,38,40,4572,,3716,40,327,4411
1801,4228,12,538,5265,,3832,25,922,3403
1832,4186,43,876,5200,,1645,25,214,364
1833,4870,46,500,5646,,284,11,32,1757
1836,4942,19,91,5511,,2116,11,911,2080
1837,4443,27,565,5077,,2694,37,113,2665
1849,4759,1,729,5712,,2925,21,424,2322
1854,4865,31,560,4641,,3349,37,555,3657
1869,4204,37,492,5052,,3691,46,452,3482
1871,4833,31,602,5463,,924,24,16,1634
1876,4479,1,403,4590,,3639,40,517,3155
1881,4470,22,90,4850,,3657,38,866,3063
1888,4262,29,372,5089,,3108,39,74,3607
1891,4406,33,981,5776,,2012,33,327,2613
1901,4660,21,757,4523,,260,40,780,938
1911,4006,9,948,4587,,3078,6,959,3675
1922,4845,47,265,5583,,1348,16,414,862
1923,4024,41,527,5608,,88,37,620,1406
1933,4548,35,410,5829,,266,20,646,950
1934,4282,0,12,5679,,1387,28,133,1566
1942,4933,38,393,5831,,2321,26,729,2948
1950,4602,33,652,5334,,2173,39,879,2529
1965,4805,4,327,5393,,584,16,639,1383
1978,4905,49,164,4915,,362,5,30,753
1989,4421,32,403,4666,,1236,36,268,1621
1992,4673,38,11,4918,,890,49,140,1211
2005,4264,2,515,4885,,2184,19,90,2400
2010,4831,14,838,5659,,1682,31,378,1479
2016,4638,11,667,4940,,2594,18,141,2841
2017,4075,20,456,4812,,3889,43,250,4447
2019,4116,45,35,5563,,0,10,875,690
2020,4673,38,356,5769,,3569,46,739,4351
2021,4761,45,118,5976,,308,4,756,1824
2026,4545,3,816,5001,,2905,39,439,2615
2028,4954,37,43,5303,,51,17,834,807
2031,4105,12,354,5109,,2273,50,273,2688
2038,4264,42,69,4627,,2142,49,986,2681
2039,4030,27,448,4783,,1561,40,524,496
2040,4417,23,680,5043,,957,3,157,102
2045,4744,50,768,5205,,3222,22,602,4393
2056,4206,50,546,5111,,2139,43,118,2700
2062,4249,42,924,5478,,2299,34,935,2778
2064,4008,32,577,5468,,2570,1,917,2376
2066,4082,14,296,4920,,1935,1,64,1326
2069,4315,29,265,5343,,492,23,617,581
2083,4899,5,714,4680,,801,13,469,323
2094,4493,0,157,4620,,3998,14,886,3826
2109,4091,25,335,4921,,1950,14,317,191
2111,4017,48,79,5941,,2457,37,286,2779
2114,4220,47,568,4796,,2792,23,529,2176
2121,4548,22,288,5787,,1672,38,558,1300
2129,4808,32,448,4550,,3438,7,423,3110
2132,4028,47,515,4634,,390,7,899,5
2136,4445,47,553,5536,,3794,30,31,4353
2139,4303,24,965,5823,,3648,27,705,4176
2142,4599,8,153,5810,,188,3,4,1084
2168,4897,5,200,4564,,1776,1,612,1332
2172,4895,34,732,4555,,1470,9,872,1238
2177,4620,22,691,5571,,1588,30,555,1798
2178,4689,14,764,4699,,394,41,690,597
2187,4967,41,704,5488,,1510,14,789,183
2192,4635,1,382,4857,,3630,15,66,3361
2198,4075,27,160,4513,,2013,11,261,2611
2206,4239,30,925,4840,,1248,21,494,1679
2207,4376,32,589,5475,,3568,17,903,4410
2226,4000,9,282,5907,,199,50,990,805
2233,4093,3,727,5135,,2014,7,521,2938
2245,4292,28,684,5326,,3356,40,488,4067
2247,4402,16,539,4578,,3893,26,23,4290
2249,4943,43,162,5614,,2863,30,247,2705
2254,4007,1,176,5871,,2613,23,858,2328
2261,4236,27,254,5025,,2728,13,727,2418
2262,4521,2,471,5405,,1240,36,828,1909
2273,4197,49,611,5150,,296,32,745,1694
2275,4411,47,75,4712,,1567,19,338,1039
2282,4222,14,886,5563,,1849,27,296,1421
2289,4904,21,791,4503,,85,21,610,1157
2293,4020,49,575,5749,,1926,30,311,83
2294,4661,35,768,5389,,2947,40,960,2971
2300,4349,8,315,5067,,2756,8,843,2401
2301,4662,21,860,4608,,1233,31,538,188
2326,4147,0,757,4974,,3153,50,253,3148
2334,4489,31,101,4511,,3854,2,26,3312
2340,4634,1,798,5903,,1358,8,651,1305
2341,4360,13,354,5929,,3058,45,731,3749
2353,4894,0,84,5712,,1711,35,783,1029
2359,4855,19,869,4692,,3947,10,435,3186
2361,4734,7,210,5125,,749,36,753,1663
2362,4360,49,855,5815,,2280,0,572,2967
2367,4929,41,937,5583,,3722,26,93,3542
2370,4016,18,114,5663,,503,8,534,220
2385,4666,21,128,5461,,552,44,10,1055
2393,4535,11,766,4908,,1867,50,512,447
2394,4482,31,383,4916,,180,35,638,111
2396,4193,2,151,4533,,3785,12,681,3475
2397,4237,29,307,4718,,1500,21,234,1409
2399,4963,20,340,5298,,122,8,816,467
2410,4358,13,849,4671,,3620,28,1,3866
2416,4140,35,13,5053,,3038,11,194,3382
2417,4226,39,686,5718,,2178,12,855,2722
2419,4791,36,760,5617,,3484,26,241,3409
2420,4788,8,885,4951,,1103,11,683,689
2421,4955,29,595,4792,,1415,12,164,1137
2422,4839,18,722,5319,,1736,41,230,184
2424,4005,38,705,4556,,1415,19,386,7
2425,4940,11,431,4597,,3490,37,10,4127
2434,4932,28,636,5533,,3864,44,157,3494
2436,4593,48,146,5312,,556,2,905,646
2440,4990,4,459,4871,,1277,23,654,1575
2448,4040,41,80,5629,,2144,30,551,2230
2451,4539,17,874,4715,,2621,6,720,2320
2453,4411,46,747,4686,,1946,2,301,1298
2455,4496,11,735,4562,,791,1,908,1378
2463,4303,46,127,5408,,1879,30,477,1559
2470,4606,12,426,4643,,1236,43,47,607
2474,4946,3,0,5640,,1420,38,512,1722
2485,4144,14,171,5268,,3387,30,582,4228
2494,4864,1,110,5989,,677,19,165,1273
2496,4089,30,550,5751,,3891,20,103,3085
2504,4779,36,645,5477,,970,29,78,1237
2511,4701,46,120,5663,,520,2,871,1289
2513,4950,47,36,4689,,1230,32,566,478
2525,4777,41,383,4642,,3209,15,84,3243
2528,4819,16,222,4833,,1343,12,154,1050
2532,4154,47,648,5197,,2670,34,939,2827
2537,4873,27,96,5569,,3779,40,284,3765
2540,4205,29,786,4720,,3638,44,504,4100
2543,4920,15,830,5811,,1142,43,937,878
2544,4180,46,403,5440,,342,16,233,149
2547,4655,34,701,5256,,3241,5,616,3976
2548,4570,5,490,5478,,2828,45,991,2279
2550,4042,9,827,5285,,140,16,136,1905
2552,4963,5,373,5552,,494,24,492,580
2560,4550,21,234,4868,,3205,5,488,3828
2562,4089,29,563,5608,,379,35,106,468
2568,4222,49,668,5811,,377,17,739,1424
2569,4786,24,669,5784,,776,46,693,1163
2571,4267,29,291,5484,,3601,15,374,4270
2576,4524,27,550,4534,,2772,13,388,2596
2577,4375,41,433,5326,,3863,18,764,3827
2578,4671,16,626,5401,,316,49,63,459
2581,4722,9,745,5476,,139,39,413,983
2586,4641,50,369,4610,,2027,39,716,2119
2591,4925,19,817,5483,,2623,31,826,2950
2594,4930,40,669,5571,,2059,29,513,2988
2599,4982,34,404,5764,,3863,35,78,3370
2604,4762,7,789,4831,,3638,47,753,4383
2619,4920,15,788,5257,,1820,5,90,1760
2621,4414,48,580,5952,,962,15,517,185
2628,4194,50,602,4957,,3034,11,636,3926
2629,4468,21,3,4822,,2659,26,323,2023
2639,4356,18,813,4946,,3372,40,248,4314
2641,4772,4,417,4586,,3455,36,87,3700
2643,4928,26,966,5735,,3724,32,877,3584
2644,4470,0,20,5001,,1620,36,898,50
2661,4773,22,683,5707,,3633,8,983,3877
2664,4950,5,622,4858,,129,34,290,1739
2673,4004,45,106,5142,,658,30,261,1299
2676,4209,2,4,5557,,3059,21,922,3188
2678,4838,24,420,5764,,3363,50,732,4448
2687,4840,15,969,4589,,453,21,512,1711
2688,4889,1,282,5353,,842,10,929,1247
2690,4136,46,887,5438,,194,47,0,435
2691,4239,15,292,5315,,3477,9,391,4313
2693,4379,46,327,4527,,3204,37,587,3684
2695,4908,26,69,4889,,3766,8,750,3612
2709,4702,48,926,5086,,2739,33,513,2643
2712,4872,43,68,5475,,1653,14,195,1711
2716,4110,29,805,4888,,572,6,678,325
2722,4697,2,551,5402,,609,5,638,1046
2723,4323,45,830,5143,,1653,49,613,1994
2725,4531,43,284,4761,,2291,36,799,2803
2729,4799,29,930,4819,,1757,29,979,1075
2739,4325,33,933,5302,,2270,1,929,2254
2741,4727,26,315,5728,,2825,14,864,2870
2744,4923,50,520,5823,,1520,14,778,974
2745,4325,0,169,5947,,3760,5,204,3978
2752,4944,14,597,5137,,107,47,157,472
2753,4519,48,371,5416,,3093,6,336,3847
2759,4640,21,652,5493,,3900,45,425,3378
2761,4196,45,577,5853,,1401,17,162,1959
2775,4835,3,975,4738,,2788,19,265,2832
2778,4008,50,726,5522,,1953,13,481,495
2790,4319,0,528,5272,,2245,36,123,2843
2799,4569,41,179,4647,,1771,1,97,1937
2802,4448,23,954,5157,,743,10,481,1933
2812,4490,16,542,5733,,1946,41,346,1686
2814,4765,21,639,5734,,2746,50,42,2961
2821,4661,40,158,5039,,3354,4,853,3328
2834,4150,13,540,5544,,212,8,969,571
2846,4378,13,411,5877,,3380,21,800,3666
2859,4060,44,374,4966,,1515,13,979,1787
2868,4112,46,216,5729,,911,42,921,1486
2869,4817,16,545,5805,,615,45,94,937
2880,4738,11,136,5824,,3422,15,602,3875
2882,4664,13,988,5362,,2583,40,855,2386
2885,4780,27,725,5398,,1434,42,444,1132
2891,4139,15,575,5566,,2046,6,31,2703
2893,4337,10,175,5744,,3855,13,630,3370
2897,4213,32,315,5300,,1864,32,59,111
2899,4490,7,888,4552,,2519,6,622,2447
2900,4091,32,2,5717,,1279,35,772,1552
2915,4782,24,171,4683,,231,19,205,177
2917,4508,4,947,4903,,3624,41,48,3009
2920,4093,36,128,5184,,653,4,726,1947
2926,4577,32,985,5452,,1974,29,943,1392
2949,4257,49,434,4813,,1516,19,654,219
2971,4233,25,623,5041,,3101,5,237,3864
2977,4244,4,948,5296,,3826,39,838,3124
2979,4035,28,245,5862,,3217,22,565,3321
2982,4992,26,11,5845,,2913,13,661,2776
2986,4005,48,612,5355,,2520,12,459,2250
3001,4071,41,761,5123,,2058,26,954,2781
3023,4164,9,111,5205,,3238,32,945,3307
3027,4099,49,99,5414,,1984,44,874,457
3033,4549,8,897,5701,,1498,49,453,1128
3036,4946,6,176,4724,,1924,18,66,1142
3039,4228,28,148,5905,,3177,31,847,3685
3040,4164,24,696,4759,,1812,32,861,77
3045,4057,6,717,5773,,2434,6,805,2868
3057,4573,50,96,5067,,2856,44,321,2467
3063,4887,23,941,5745,,1474,21,775,1570
3066,4062,41,472,5697,,1331,48,34,4
3068,4782,11,684,5706,,478,38,707,871
3075,4426,31,683,4789,,424,24,466,201
3080,4068,7,435,5079,,3980,22,343,4083
3090,4761,30,880,5519,,3536,27,149,4479
3104,4367,16,515,5389,,3301,35,520,4043
3109,4817,26,811,4672,,3618,40,144,3956
3116,4722,18,459,5887,,3844,1,958,4350
3124,4264,3,78,5712,,3427,26,855,3731
3128,4023,14,244,4675,,1453,35,508,571
3129,4186,37,246,5986,,1003,17,606,1657
3131,4687,42,477,5618,,3067,3,481,4271
3135,4725,26,237,4619,,3740,7,262,3831
3144,4917,42,572,4516,,3000,44,280,2190
3154,4573,3,898,4841,,2190,7,286,2220
3173,4385,2,166,5778,,1111,21,94,859
3180,4493,37,644,5569,,2293,45,538,2597
3194,4367,16,481,5056,,3724,30,541,4279
3195,4940,30,835,4711,,3253,18,345,3241
3205,4362,10,690,5989,,694,24,296,1449
3207,4062,17,522,5321,,432,21,798,1368
3215,4336,46,192,5611,,2962,12,339,2344
3220,4753,34,842,5102,,529,30,652,1334
3233,4148,42,680,5168,,3915,13,198,4386
3241,4848,25,893,5917,,220,6,274,1197
3245,4644,45,916,4525,,1617,43,372,1936
3247,4189,21,821,5522,,201,31,558,601
3249,4895,14,898,4929,,2124,1,83,2782
3252,4505,46,944,4970,,1309,48,105,1566
3259,4346,19,117,5168,,3308,44,32,3007
3281,4566,40,364,4940,,3113,36,806,3180
3282,4598,25,57,5201,,1176,13,53,91
3289,4945,25,138,4870,,3011,17,605,4295
3293,4773,26,771,4723,,1693,36,39,1343
3300,4418,16,713,5570,,1554,45,165,1134
3307,4492,45,103,5726,,968,36,589,129
3317,4372,10,834,5595,,2411,6,264,2428
3325,4522,8,215,5770,,1633,11,726,1996
3341,4226,11,305,5635,,3775,24,296,3644
3342,4080,16,892,5433,,1685,35,471,1774
3348,4498,39,237,5791,,419,50,286,732
3360,4064,9,750,5470,,3,13,528,1985
3373,4374,8,92,4879,,3489,11,765,4150
3380,4843,3,387,4890,,672,8,998,1826
3383,4509,8,545,4617,,3231,13,291,3578
3386,4794,12,857,5817,,3320,26,562,4245
3399,4358,7,509,4537,,2039,19,134,2236
3400,4749,44,633,5195,,775,19,480,151
3402,4026,10,798,5362,,3546,19,60,3831
3413,4214,32,37,4728,,1123,27,830,22
3421,4686,20,653,5646,,3174,6,817,3254
3430,4460,40,978,4793,,1634,35,532,1739
3438,4793,1,993,5347,,3058,17,3,3314
3442,4968,38,300,5131,,2312,27,241,2730
3461,4792,12,298,5359,,373,17,502,1322
3464,4633,33,204,5968,,1461,22,689,79
3467,4400,47,12,5689,,718,17,276,1000
3471,4135,6,791,5085,,3471,15,118,3504
3498,4722,34,454,4891,,1006,2,859,1308
3499,4260,13,979,5189,,3745,8,30,4428
3505,4970,23,861,5169,,2705,13,853,2217
3511,4654,8,120,5946,,1557,40,290,1732
3514,4857,20,915,5642,,2078,50,316,2143
3516,4025,43,386,4886,,2217,39,236,2828
3519,4751,5,759,4909,,3562,37,837,4366
3526,4366,42,759,5849,,154,41,481,1031
3560,4146,3,881,5266,,314,27,479,1910
3562,4820,20,452,5891,,754,47,561,618
3574,4873,2,344,4905,,3220,49,119,3794
3579,4460,27,341,5797,,3036,33,830,3530
3588,4966,41,45,5559,,1249,42,150,163
3590,4153,40,307,4647,,3292,43,975,4484
3593,4066,7,424,4783,,566,18,445,1871
3595,4689,10,642,4588,,921,47,372,1756
3600,4942,20,235,4806,,1215,6,678,463
3609,4394,49,776,4526,,339,28,701,821
3613,4523,12,144,5330,,3665,17,947,3511
3614,4832,50,696,5882,,1520,1,411,239
3623,4602,8,256,4969,,1155,4,99,1836
3625,4341,47,309,5645,,1446,24,733,1982
3640,4255,50,885,5382,,943,12,461,1553
3646,4258,27,400,5272,,16,32,931,1633
3650,4137,39,829,5250,,2927,27,705,2947
3657,4051,46,686,4964,,1706,46,410,23
3660,4564,37,990,4922,,448,31,779,861
3663,4379,0,285,5035,,3046,45,943,4084
3669,4623,35,624,5632,,2818,31,539,2771
3671,4590,41,567,4901,,3934,21,41,4452
3677,4590,28,524,4599,,1932,36,522,1746
3683,4235,39,906,5871,,702,20,251,773
3698,4554,47,63,5060,,1777,13,995,967
3702,4324,29,492,4517,,86,36,736,1281
3704,4197,18,85,4920,,1672,49,803,1801
3705,4805,16,722,4938,,3534,42,130,3559
3707,4295,12,174,4996,,705,20,757,944
3711,4789,11,376,4881,,6,2,866,314
3714,4142,42,707,4782,,2388,3,316,2436
3715,4246,2,610,4682,,1452,12,598,1281
3722,4844,14,257,5539,,490,18,857,222
3726,4440,46,372,4943,,2686,10,76,2902
3728,4406,22,122,5237,,2003,7,689,2450
3734,4750,17,200,4985,,3239,50,521,4459
3735,4988,36,665,5770,,2362,35,898,2086
3739,4674,37,295,5810,,958,0,544,695
3742,4460,29,5,5548,,3672,47,61,3777
3744,4934,12,566,5940,,3350,32,424,4485
3752,4192,9,697,5134,,3338,37,328,3935
3754,4757,44,7,5259,,1035,5,996,1655
3767,4845,23,340,4913,,3791,32,802,3930
3768,4269,6,976,5277,,474,23,506,1107
3769,4102,44,314,5533,,3670,8,200,3374
3775,4430,22,783,4795,,1426,50,749,1801
3788,4808,40,556,5208,,3275,3,953,3968
3793,4942,29,947,5152,,205,12,789,1528
3794,4954,47,183,4525,,536,12,781,318
3797,4840,33,292,4753,,82,23,488,1444
3801,4356,13,47,5360,,1534,49,638,1730
3806,4940,44,561,5322,,3317,11,728,3786
3817,4020,16,23,4956,,2569,45,626,2749
3820,4444,46,581,5062,,237,3,489,1325
3824,4432,37,624,4871,,1721,6,715,445
3827,4699,13,244,4663,,727,12,730,910
3828,4173,16,38,4583,,1364,10,669,286
3836,4634,6,184,4868,,2442,29,833,2007
3844,4280,31,771,5180,,437,46,679,1491
3845,4780,19,731,5957,,814,45,253,1194
3846,4322,44,74,4976,,3267,26,472,3502
3849,4629,9,691,5609,,2690,31,296,2351
3857,4692,19,108,5015,,1293,36,831,1419
3861,4986,25,699,5695,,1976,50,149,1328
3872,4565,42,926,5813,,3176,48,318,3299
3879,4917,16,389,5835,,3810,27,575,4439
3880,4989,39,480,5066,,3636,45,576,3262
3882,4882,15,140,4525,,1790,0,705,1917
3883,4722,5,474,5454,,288,27,605,355
3890,4450,47,416,5850,,2100,6,28,2558
3892,4187,16,170,5308,,1968,20,146,77
3893,4302,35,638,4631,,2071,47,193,2012
3900,4780,29,561,5849,,3505,6,516,3005
3903,4166,14,545,5820,,1919,47,214,64
3905,4388,37,902,5108,,3208,13,634,3557
3906,4718,5,33,5591,,2321,13,569,2300
3907,4595,43,864,5264,,429,16,207,1851
3908,4626,7,979,4527,,3317,9,518,3074
3911,4957,4,14,4890,,2108,17,997,2629
3912,4539,27,705,5347,,1142,8,976,1822
3918,4639,36,435,5802,,3391,47,369,4306
3921,4030,32,876,4957,,1097,49,656,1123
3925,4773,35,52,5335,,3980,7,844,3682
3926,4018,13,470,5636,,3868,13,491,4450
3937,4566,5,487,4844,,3455,27,51,3448
3943,4646,22,891,4975,,2992,39,599,2180
3956,4586,9,640,5480,,2330,20,441,2216
3977,4469,35,913,5767,,1751,17,131,1815
3979,4028,45,983,5471,,3179,36,325,3401
3980,4204,12,330,4984,,1896,26,985,35
3987,4958,46,396,4557,,2054,15,679,2154
3988,4273,29,672,5166,,3054,48,245,4199
3995,4359,45,879,5382,,460,39,24,1604
3998,4280,7,291,4992,,659,45,962,1813
4001,4582,9,14,4882,,1530,47,875,1114
4004,4841,4,704,4954,,2145,24,800,2589
4011,4839,32,526,5726,,174,1,762,785
4018,4878,6,344,4867,,1511,48,670,1920
4019,4174,15,94,4705,,519,29,149,777
4025,4287,0,123,4518,,147,21,530,1616
4031,4710,31,759,5860,,3835,22,210,3794
4035,4953,11,159,5873,,1802,45,106,474
4040,4961,36,619,5724,,2274,1,472,2261
4041,4110,30,756,5345,,1992,42,213,541
4045,4088,27,422,5136,,3457,35,691,3838
4051,4046,8,393,5214,,1658,8,536,1945
4054,4490,50,510,4819,,2583,3,390,2757
4055,4867,27,706,5283,,1154,25,868,1042
4068,4007,46,279,5593,,2636,20,987,2608
4079,4474,17,25,5720,,1346,43,846,1715
4082,4524,26,632,5162,,2703,38,814,2514
4092,4891,22,928,4504,,839,32,481,1368
4093,4021,7,495,5767,,908,28,51,1512
4098,4057,3,832,4914,,3087,39,920,3887
4106,4981,39,525,5847,,3329,33,536,3679
4109,4376,31,794,5428,,2180,42,651,2341
4110,4807,46,997,5565,,574,11,377,1598
4113,4963,34,73,5289,,2703,50,516,2873
4122,4707,34,571,5182,,997,50,99,1729
4123,4618,24,559,4508,,1285,25,862,198
4134,4349,29,555,5892,,1562,46,183,1640
4135,4658,5,305,4533,,1345,47,523,1052
4142,4193,45,95,5184,,3335,38,881,3834
4143,4729,33,457,5583,,421,34,626,400
4144,4576,29,156,5778,,1209,49,371,717
4145,4958,13,75,5895,,3453,22,202,3435
4148,4445,9,348,5618,,682,40,146,1054
4155,4280,44,219,4567,,3380,16,655,4114
4160,4004,30,89,5129,,3258,32,35,3900
4162,4697,39,241,5914,,2492,44,518,2387
4165,4246,10,128,5640,,1526,42,94,891
4169,4066,35,959,5108,,3671,20,629,4254
4174,4051,0,987,5788,,2726,12,775,2766
4180,4491,15,76,5786,,1520,44,367,559
4196,4329,10,673,5118,,3372,26,524,3114
4198,4195,49,842,4777,,2286,33,577,2902
4202,4586,10,646,5517,,2457,17,663,2711
4203,4235,7,74,4518,,2830,4,427,2686
4209,4740,50,56,5426,,3423,13,955,3278
4215,4322,5,340,4650,,3692,13,848,3789
4221,4437,50,288,5750,,1097,14,518,371
4223,4554,21,512,5498,,555,2,85,721
4225,4987,3,825,4673,,3607,39,114,3125
4229,4526,35,416,4682,,327,34,103,1431
4231,4971,0,471,5840,,1152,17,470,1543
4235,4466,34,178,4758,,3188,42,145,3251
4236,4670,15,7,5462,,83,0,699,912
4238,4937,42,428,5651,,42,41,437,883
4241,4594,8,585,5384,,159,49,515,1675
4257,4626,41,519,5725,,3174,3,383,4283
4260,4838,0,830,5400,,597,30,566,1035
4263,4445,42,281,4511,,3009,5,641,3779
4266,4661,16,498,5317,,1917,11,499,564
4272,4617,36,271,5798,,3758,37,735,4217
4283,4878,16,217,5519,,622,33,762,64
4284,4802,6,313,5921,,2451,46,182,2462
4286,4250,23,434,5245,,2581,42,447,2314
4295,4098,18,796,4681,,929,30,647,1932
4297,4764,49,980,4724,,3446,5,829,4071
4314,4397,30,723,5760,,3570,36,798,3165
4315,4420,35,947,4980,,454,41,433,1349
4316,4410,5,970,5462,,1266,5,482,1259
4319,4159,10,590,5037,,593,31,836,944
4322,4216,1,647,5436,,3582,50,900,3873
4327,4760,13,471,4646,,3943,45,96,4092
4335,4043,11,564,5051,,2419,46,721,2605
4338,4115,29,764,5746,,1123,17,938,641
4361,4443,48,188,5633,,1482,0,736,1825
4372,4522,30,32,5089,,1047,35,765,994
4374,4900,0,443,4862,,1068,14,223,1359
4377,4384,34,628,5047,,698,33,336,1496
4378,4334,48,271,4532,,2126,45,347,2482
4379,4182,37,980,5330,,1078,5,713,991
4387,4672,49,846,5320,,2636,12,829,2108
4391,4963,44,480,4985,,3074,7,725,4474
4394,4418,37,598,5227,,1774,36,935,896
4399,4437,42,432,5937,,1157,19,529,1918
4412,4333,0,543,4953,,415,41,327,876
4413,4061,34,231,4770,,1380,29,486,408
4414,4926,12,145,4901,,641,2,617,582
4419,4341,1,754,5087,,1181,12,390,331
4420,4916,25,557,5851,,111,40,227,1819
4424,4475,9,472,5457,,339,45,548,195
4425,4023,47,604,5587,,1794,22,146,666
4426,4341,12,13,4774,,2613,26,632,2809
4428,4969,3,855,4884,,196,42,495,687
4431,4701,11,523,5591,,55,23,909,1838
4438,4154,31,609,5318,,1786,29,497,860
4444,4250,22,795,4933,,887,47,133,566
4446,4173,1,874,5869,,1874,8,409,1993
4455,4734,26,866,4721,,129,32,579,1167
4463,4028,44,482,5358,,1702,33,326,670
4469,4554,6,767,4989,,258,39,63,1938
4477,4166,15,717,5285,,2401,16,124,2889
4480,4812,13,89,5342,,5,38,410,986
4487,4930,13,193,4565,,2221,46,916,2965
4495,4802,30,637,5709,,1100,21,428,1544
4501,4263,37,250,5326,,600,37,82,1497
4503,4886,13,932,5314,,3895,3,280,3278
4506,4852,9,950,4805,,2060,24,77,2822
4507,4082,24,555,4800,,2723,1,780,2608
4510,4704,48,864,5654,,957,24,376,1712
4511,4939,2,636,5051,,1131,15,42,1566
4514,4136,29,840,4904,,3002,46,186,4311
4519,4924,41,667,4943,,2337,15,320,2508
4535,4569,45,614,4838,,2046,42,302,2528
4536,4360,2,277,5092,,3887,46,487,4298
4541,4088,47,990,5136,,1323,44,377,1152
4550,4654,15,285,5867,,3476,31,466,3188
4552,4694,8,648,5323,,3001,34,488,3786
4561,4995,24,146,4740,,3965,36,240,3642
4566,4192,16,414,5390,,1868,19,324,1119
4574,4943,33,814,5016,,1685,15,466,1468
4594,4518,8,711,5016,,1442,14,664,45
4597,4254,28,456,4637,,3935,33,115,3215
4605,4626,41,614,4641,,3936,49,800,4460
4610,4116,41,764,4533,,432,29,753,1966
4611,4273,7,538,5174,,218,19,763,1619
4616,4316,38,115,4939,,1450,29,239,1875
4620,4572,23,25,4571,,2416,23,67,2804
4629,4455,27,469,4546,,393,33,516,649
4633,4494,41,92,5489,,1458,34,875,959
4638,4432,7,350,4553,,3509,11,994,4025
4639,4117,12,414,4918,,668,33,132,1307
4647,4459,5,395,4597,,3025,48,817,3943
4650,4471,34,529,4528,,3255,45,977,4124
4654,4146,30,700,4945,,2388,7,965,2380
4662,4443,15,899,5957,,2030,13,492,2040
4676,4806,2,516,5193,,2849,48,640,2609
4677,4577,7,797,5695,,2048,49,630,2305
4679,4638,10,277,5244,,1977,21,700,1922
4680,4905,43,381,5335,,162,27,9,841
4691,4501,27,261,5587,,3834,12,688,3793
4701,4936,26,825,5932,,1795,8,586,153
4707,4112,35,630,4748,,15,40,812,1127
4710,4804,24,430,5513,,3907,15,605,3813
4715,4584,47,664,4659,,45,48,47,216
4732,4277,19,365,5512,,2089,25,195,2348
4747,4887,19,487,5777,,2619,27,903,2530
4749,4610,3,887,5105,,2262,28,946,2301
4750,4432,50,460,4819,,2992,14,959,2364
4751,4413,5,44,5736,,1583,46,647,1581
4763,4481,8,462,4637,,3984,36,846,4038
4765,4851,6,507,5238,,149,10,543,1055
4766,4951,18,120,5605,,3886,49,336,4140
4768,4994,0,264,4698,,1343,26,904,633
4769,4800,18,484,4609,,3041,11,628,3649
4784,4107,17,542,5029,,1869,3,857,989
4789,4063,49,516,4537,,1338,22,40,399
4793,4971,26,681,4870,,2026,4,36,2547
4794,4690,10,525,5239,,2023,48,847,2046
4797,4950,39,445,5135,,3742,38,211,3861
4798,4112,5,292,5112,,355,1,874,1186
4801,4329,7,961,5206,,931,6,885,1124
4806,4198,34,78,4883,,3363,48,107,3370
4808,4751,46,597,4586,,220,49,706,659
4811,4319,5,826,5783,,2352,30,336,2061
4814,4043,27,273,4942,,734,4,717,1766
4815,4495,43,207,4892,,3842,10,472,4401
4827,4978,4,788,5950,,2989,46,553,2136
4836,4907,25,585,5819,,590,18,820,237
4845,4357,4,467,5525,,454,8,497,1006
4846,4297,2,873,5193,,2677,39,620,2945
4847,4799,17,298,4840,,2050,41,676,2317
4848,4334,12,815,5262,,3535,2,528,3448
4850,4975,27,230,5291,,3995,25,845,3651
4855,4523,48,899,5714,,860,45,773,865
4856,4343,43,251,4941,,3702,40,315,4113
4858,4460,18,420,5217,,2234,7,915,2152
4867,4645,17,259,5092,,59,42,755,586
4878,4893,28,427,4604,,3718,42,850,3122
4882,4910,36,807,5468,,530,43,306,324
4888,4944,39,314,5484,,3106,41,430,4491
4889,4061,23,922,4765,,3115,17,179,3429
4906,4626,37,644,5635,,1661,50,377,1610
4909,4639,37,511,5633,,3160,41,747,3308
4910,4666,35,96,4821,,434,22,293,1941
4912,4374,49,193,4859,,1537,42,235,1584
4916,4563,33,564,5714,,3969,13,102,4297
4922,4887,8,56,5966,,1873,46,405,353
4927,4968,14,311,4546,,1494,15,314,1140
4929,4267,13,650,4715,,2506,30,729,2324
4930,4692,28,746,5053,,504,44,740,473
4931,4749,41,368,5478,,3874,44,976,3787
4932,4045,25,258,5685,,228,34,705,847
4934,4910,48,360,5436,,1842,1,23,281
4935,4082,37,588,5222,,1099,25,535,1196
4938,4229,47,317,5363,,3594,33,414,3996
4944,4488,4,85,5634,,3721,46,947,3010
4950,4245,7,370,5065,,3815,9,825,3164
4951,4425,7,331,5309,,145,20,489,928
4955,4235,3,382,5307,,3736,46,740,3981
4958,4499,6,32,5434,,110,17,716,1137
4966,4444,0,858,5994,,979,43,178,249
4980,4007,11,480,5577,,3014,5,804,3954
4982,4769,22,273,5723,,2467,19,448,2591
4986,4378,35,973,5556,,775,24,415,1922
4987,4492,42,110,5712,,1886,2,356,1440
5000,4752,21,728,5847,,641,0,223,1273
5004,4792,13,248,5122,,760,18,813,810
5012,4087,16,988,5642,,687,16,235,68
5023,4900,48,489,4967,,246,47,118,1892
5030,4671,34,208,5050,,483,0,1000,423
5034,4835,41,803,4693,,1340,12,359,1507
5045,4253,3,157,5524,,1257,31,237,1023
5054,4391,35,876,4938,,3079,11,435,3311
5064,4242,16,176,4927,,1389,8,553,1120
5066,4498,34,948,5094,,3265,5,775,3117
5069,4742,3,935,5514,,2285,7,23,2309
5073,4359,45,238,5850,,539,7,46,1736
5074,4699,40,6,5701,,1464,10,583,992
5083,4402,26,592,5107,,1802,32,240,1668
5088,4826,5,863,4610,,2093,32,766,2176
5096,4406,48,598,5210,,3460,13,118,4280
5103,4576,18,712,5119,,285,24,56,1625
5118,4959,6,552,5446,,650,49,190,1122
5121,4890,46,879,4759,,332,49,821,1496
5129,4895,5,985,5596,,3516,27,49,3925
5138,4052,0,669,5083,,1004,16,912,1848
5142,4208,18,648,5418,,932,4,398,1993
5149,4975,0,35,5350,,86,9,256,1756
5152,4372,30,97,5295,,2429,30,933,2379
5153,4667,42,9,5620,,342,1,735,453
5155,4383,32,313,5315,,747,13,318,479
5157,4278,47,597,5378,,3916,18,733,3742
5168,4727,4,711,5481,,779,45,736,7
5172,4386,48,87,5451,,609,0,365,1532
5175,4887,0,402,5687,,1765,36,144,1184
5193,4057,30,833,5627,,3409,39,554,3753
5197,4848,47,72,5592,,1514,30,878,273
5198,4297,13,962,4599,,778,41,680,1560
5202,4839,42,249,5885,,3972,33,637,3455
5210,4561,14,749,5699,,1324,6,135,233
5218,4053,39,570,5767,,1725,5,316,602
5219,4142,30,944,5138,,2477,8,753,2595
5227,4131,1,726,5618,,215,40,710,496
5241,4158,32,204,5244,,2639,43,858,2006
5245,4148,3,716,5349,,3458,34,615,3622
5256,4360,20,291,5532,,1387,14,200,40
5258,4761,3,994,5166,,1518,3,854,1033
5264,4395,8,303,5146,,2306,45,331,2343
5271,4276,38,129,5230,,405,39,812,538
5274,4132,5,499,5532,,1446,33,499,925
5276,4778,2,55,5604,,3594,33,239,3954
5277,4061,19,918,4800,,1131,4,531,1185
5278,4746,26,976,4551,,1068,4,587,1414
5282,4986,33,466,4572,,2028,22,61,2249
5289,4159,11,758,4512,,1999,1,926,804
5290,4844,35,367,4869,,1507,46,253,676
5291,4260,17,55,4983,,1305,7,992,1290
5296,4811,42,762,5179,,1880,22,325,293
5300,4094,46,395,5412,,3249,33,35,3075
5301,4111,4,873,5686,,1018,31,246,1738
5303,4575,33,231,5217,,977,7,40,1769
5307,4602,5,405,5284,,490,29,976,1011
5315,4445,49,896,4758,,125,31,327,856
5317,4849,18,320,5481,,1124,24,754,1016
5324,4677,28,520,5583,,536,48,406,624
5329,4937,1,714,5079,,1154,39,690,501
5338,4838,49,642,4763,,1887,35,954,1806
5348,4197,41,141,5889,,2038,44,717,2523
5366,4893,19,734,4928,,1896,9,594,459
5379,4122,12,901,5402,,1585,2,378,599
5390,4937,35,886,4699,,2591,48,221,2170
5394,4193,33,428,4531,,2785,10,828,2757
5403,4117,15,288,4725,,620,16,529,1817
5404,4838,2,15,4534,,728,44,72,1058
5406,4074,2,339,4837,,1629,31,536,1827
5416,4263,47,839,4758,,3136,12,922,3242
5417,4411,48,872,4738,,3472,10,866,3649
5420,4053,16,85,5384,,3410,47,561,3938
5421,4224,26,381,5835,,3754,23,279,3450
5423,4164,33,578,5277,,3894,35,762,3261
5424,4904,40,356,5572,,3709,11,892,4436
5429,4569,14,714,5447,,473,6,87,824
5430,4190,25,184,5797,,2756,3,315,2569
5438,4849,16,500,5275,,3489,29,730,3511
5440,4953,2,398,5289,,1055,44,833,724
5442,4204,28,108,5511,,2810,46,393,2141
5445,4423,33,644,5339,,720,32,123,1243
5454,4172,48,988,4929,,3267,39,466,3849
5461,4173,45,396,4887,,3916,39,415,3111
5462,4515,28,760,4878,,2226,7,256,2886
5463,4779,44,625,5818,,3327,21,330,4187
5464,4154,43,380,5545,,2120,49,720,2940
5467,4098,4,264,4744,,3993,38,619,3974
5468,4169,26,814,5870,,401,16,485,1477
5469,4978,14,404,5905,,210,3,504,246
5476,4172,41,14,5485,,3795,39,732,4500
5478,4201,37,976,4521,,3863,10,893,3333
5491,4925,4,269,5839,,2929,33,965,2419
5497,4612,22,11,5187,,1063,15,970,191
5502,4442,23,76,5412,,811,4,463,413
5505,4629,7,550,5959,,1832,12,373,1571
5508,4331,10,498,5197,,1471,36,950,1457
5510,4333,33,522,5938,,493,27,166,1711
5511,4886,43,290,5569,,2761,32,156,2515
5519,4367,10,234,5493,,2367,43,926,2293
5524,4414,6,815,4783,,79,31,466,266
5528,4796,25,428,5802,,346,21,426,1185
5544,4809,32,135,5768,,2559,6,255,2099
5545,4700,36,511,5168,,3940,37,568,3430
5546,4458,17,983,4870,,3769,21,698,3440
5547,4047,42,590,5796,,3636,0,547,4007
5550,4541,15,197,5668,,2696,38,295,2506
5556,4785,16,470,5149,,3716,44,128,4336
5558,4866,48,83,4745,,3097,25,874,3934
5559,4344,37,881,4560,,644,6,217,817
5567,4745,20,7,5923,,2677,15,389,2796
5577,4602,7,779,4767,,708,18,372,82
5617,4485,31,264,5229,,970,11,82,785
5620,4415,46,513,5057,,1641,17,363,1837
5622,4607,9,659,5379,,3798,40,203,3758
5629,4408,17,258,5039,,1947,36,594,1634
5636,4158,26,56,5785,,1641,28,880,1032
5641,4688,3,253,4658,,1719,12,192,1029
5642,4658,41,557,4951,,3624,7,144,3711
5648,4710,9,475,5318,,2048,22,784,2901
5658,4674,8,924,5680,,3925,5,229,3477
5660,4543,45,344,5353,,891,14,593,1595
5661,4734,43,842,5253,,1997,10,3,1175
5662,4927,49,71,4925,,249,50,378,472
5682,4421,25,588,4835,,252,39,282,1225
5684,4095,16,679,5840,,2661,4,879,2647
5692,4784,23,927,4586,,3752,3,59,3231
5717,4747,17,216,4676,,1680,11,802,1982
5729,4169,3,848,5808,,1984,31,662,1899
5731,4046,46,953,5031,,1215,47,607,1695
5732,4280,16,180,5970,,3950,49,598,3679
5734,4568,11,73,4811,,1372,22,435,184
5742,4103,6,899,4818,,2136,12,720,2799
5751,4289,42,490,4685,,3055,17,334,3914
5764,4012,49,557,5286,,2692,30,125,2107
5766,4340,29,280,5503,,3473,36,142,4415
5769,4259,22,373,5862,,3807,31,977,3980
5771,4571,19,931,4593,,2999,29,56,2792
5776,4286,49,372,4540,,1611,24,980,1786
5777,4478,47,111,4690,,2457,28,127,2418
5779,4561,25,310,5537,,1150,9,109,1517
5790,4051,19,881,4607,,1127,8,61,1601
5801,4772,7,472,5641,,608,1,405,1795
5806,4457,18,753,4639,,1435,50,383,1843
5819,4221,42,157,4956,,504,35,599,989
5821,4762,45,365,4869,,2673,18,770,2694
5822,4256,37,668,5563,,1062,33,97,1295
5825,4429,35,51,5346,,1021,9,769,1516
5830,4003,5,772,5145,,3072,39,306,3647
5843,4351,29,335,5704,,1405,28,62,463
5846,4700,10,728,5859,,3649,12,339,3889
5849,4044,22,544,4900,,1140,14,443,42
5853,4442,47,235,4841,,1862,28,205,667
5854,4762,28,474,4919,,184,44,535,476
5867,4803,38,998,5792,,3132,7,985,3745
5872,4915,43,297,5791,,1525,41,570,226
5874,4949,4,318,5842,,3983,4,564,3957
5876,4923,49,241,4809,,1187,13,290,1394
5878,4460,30,565,4798,,2048,35,873,2585
5880,4279,21,604,5847,,3463,34,854,3466
5883,4855,6,515,5408,,3270,43,470,4437
5887,4477,6,834,5913,,2370,32,962,2063
5888,4718,21,339,4816,,3149,44,692,3312
5889,4338,1,528,4833,,2632,0,80,2616
5893,4708,21,177,4749,,3580,36,506,3505
5904,4915,46,731,4539,,91,34,637,1580
5911,4931,49,634,4977,,3609,10,350,3911
5912,4532,42,889,4846,,3075,47,474,3428
5920,4958,10,898,4929,,424,40,798,1496
5923,4234,15,41,5838,,108,46,627,1699
5924,4100,33,621,4842,,3619,13,127,4172
5925,4931,49,987,4532,,3363,19,746,3428
5930,4003,29,779,5582,,3029,2,917,3969
5940,4398,2,694,5130,,557,0,754,888
5942,4094,13,331,5155,,532,41,683,1425
5943,4787,34,279,5799,,2674,15,903,2697
5947,4239,34,435,4759,,1404,47,747,673
5955,4371,47,862,5170,,2217,17,620,2725
5957,4785,42,804,5659,,3095,21,168,4266
5963,4230,10,926,5360,,415,17,418,464
5973,4926,30,418,5306,,2174,29,847,2744
5974,4969,32,980,5902,,2215,26,221,2435
5983,4537,17,151,4623,,3061,7,905,4271
5988,4208,20,287,5731,,3500,12,517,3164
5992,4085,40,949,4697,,1625,46,299,564
5995,4860,11,880,4827,,29,0,949,237
5997,4932,20,383,4629,,421,48,399,233
6004,4125,44,615,5982,,1266,6,515,308
6015,4138,25,250,5398,,1138,14,918,1671
6029,4040,32,196,5978,,2770,20,471,2876
6030,4627,41,616,5727,,3417,46,45,3873
6031,4807,33,868,4689,,3856,34,12,3206
6049,4561,18,446,4804,,3633,35,462,3178
6050,4657,21,303,5081,,3771,13,109,3101
6053,4237,0,38,4682,,3246,16,154,3958
6055,4903,26,168,5342,,2660,50,229,2624
6059,4377,0,945,4991,,7,11,757,76
6070,4930,22,566,5227,,337,50,446,1223
6071,4149,44,462,4773,,3426,17,824,3837
6072,4264,29,650,4988,,3022,25,485,3960
6078,4592,28,873,4904,,1984,39,958,1285
6093,4610,15,825,4589,,116,8,272,965
6100,4570,22,65,4593,,122,21,1,83
6102,4552,45,865,5718,,1463,46,799,1537
6104,4449,17,341,5983,,321,42,795,1838
6106,4129,26,848,5603,,2860,50,43,2076
6109,4928,41,581,5284,,2076,8,592,2125
6111,4210,17,833,6000,,3393,48,507,3648
6117,4971,14,918,4836,,2390,40,718,2547
6122,4780,10,993,5073,,637,29,770,1797
6123,4990,25,233,5122,,253,26,432,1920
6129,4527,31,60,4528,,529,50,804,1447
6133,4623,10,407,5135,,2215,9,580,2728
6136,4203,34,445,4866,,1933,27,437,1335
6139,4128,19,136,5948,,3716,4,515,3817
6141,4935,13,974,5036,,2414,19,155,2777
6144,4100,28,636,5505,,3611,22,655,3790
6151,4190,31,884,4670,,482,12,158,1161
6152,4933,41,253,5502,,2999,41,629,2353
6153,4843,38,283,5417,,444,23,497,1721
6154,4277,21,495,5463,,1696,32,912,536
6161,4517,26,438,5015,,326,40,945,1094
6164,4960,14,66,5603,,2891,38,839,2159
6169,4091,43,417,5747,,3472,22,541,3862
6171,4812,8,723,5379,,602,17,295,425
6176,4378,43,149,5845,,3134,28,307,3702
6185,4904,30,653,4578,,2885,20,866,2570
6201,4554,36,223,4549,,2557,48,6,2981
6205,4821,2,969,5993,,98,7,214,1718
6209,4844,2,939,5478,,1181,15,75,688
6210,4706,0,501,5244,,3369,49,537,3663
6211,4870,40,699,5549,,701,32,173,997
6216,4693,3,369,5988,,2098,1,868,2518
6217,4391,42,2,5480,,3250,45,353,3455
6218,4981,10,977,5935,,3931,33,446,4407
6225,4134,17,353,5504,,3201,16,917,4333
6235,4015,18,484,4844,,3827,26,863,3429
6236,4718,6,712,4644,,3061,9,507,4055
6237,4913,13,868,4807,,2305,50,608,2442
6241,4069,4,873,5539,,3161,24,252,3483
6247,4058,15,621,5821,,2893,25,104,2157
6249,4308,18,690,4890,,1155,13,23,1451
6250,4013,4,284,4875,,1219,44,48,525
6256,4375,9,611,5104,,3594,28,780,4110
6269,4901,36,627,5368,,219,9,659,1830
6271,4900,37,148,5982,,1567,30,954,999
6272,4978,25,166,5874,,3657,30,924,3761
6273,4691,6,506,4913,,1722,20,819,1485
6274,4829,39,945,5534,,1726,32,695,961
6282,4871,11,535,4755,,155,25,740,1440
6289,4106,46,5,5685,,3057,47,998,4238
6290,4611,28,279,5760,,1240,0,34,839
6295,4051,4,261,5859,,33,39,133,1029
6298,4661,35,78,5654,,3963,35,690,4395
6302,4857,38,980,5002,,3508,44,166,3925
6304,4973,45,13,5505,,2515,8,131,2436
6307,4608,0,626,4922,,485,35,878,412
6308,4132,47,760,4903,,1470,10,396,229
6309,4939,4,381,4609,,2473,39,501,2204
6310,4497,39,829,5956,,3835,33,157,3757
6313,4263,17,536,5487,,3191,37,295,3940
6318,4620,18,29,5523,,2669,36,903,2662
6337,4250,18,23,5871,,115,2,736,1482
6342,4941,25,579,5313,,1892,48,343,1098
6350,4172,46,319,4853,,1499,2,473,1620
6352,4964,43,864,5532,,3995,39,315,4101
6354,4082,3,26,5535,,2973,11,132,2756
6367,4577,3,109,4793,,949,18,972,1775
6375,4530,34,97,5643,,1711,47,198,1359
6382,4747,5,235,5550,,739,11,503,865
6393,4487,15,706,5129,,318,20,977,494
6395,4408,13,805,5200,,883,18,932,1958
6398,4103,13,468,4831,,3703,44,477,4287
6402,4608,13,412,4725,,1140,0,657,763
6406,4351,3,418,5608,,3290,22,660,4292
6412,4971,11,174,4983,,2917,45,823,2602
6419,4533,7,145,4961,,992,49,536,1850
6422,4563,49,922,5626,,784,47,538,293
6428,4857,22,251,5008,,1610,20,562,1031
6429,4234,44,383,4584,,50,17,589,287
6430,4378,18,381,5828,,1162,45,116,1490
6441,4783,26,463,5630,,1023,24,767,1768
6442,4472,37,990,5675,,1972,17,319,1556
6443,4068,23,249,5146,,1129,37,605,916
6447,4941,4,950,4871,,3252,3,624,4268
6452,4881,27,464,4644,,1509,31,920,99
6470,4635,30,695,5828,,3789,38,318,3278
6471,4588,37,444,5443,,2526,43,468,2604
6485,4148,48,688,5733,,1679,8,330,527
6495,4864,8,468,5814,,3548,43,599,4059
6497,4575,41,166,5401,,2800,44,628,2531
6500,4172,5,813,4983,,2328,3,405,2812
6503,4259,19,221,5194,,417,48,250,1743
6513,4213,3,529,4789,,1700,34,82,1672
6523,4186,35,774,5136,,1324,31,396,1378
6527,4244,42,700,4983,,2478,11,210,2393
6532,4041,21,735,5843,,1472,12,192,1680
6535,4605,33,808,5915,,884,44,390,896
6544,4256,18,916,4797,,2174,41,406,2133
6558,4409,9,613,5719,,612,45,786,76
6560,4435,45,669,5821,,1795,48,24,1021
6576,4185,40,725,5123,,1011,15,314,1178
6577,4576,3,405,4540,,3560,9,11,4330
6585,4066,43,147,4877,,3876,24,324,3587
6587,4195,3,399,5937,,3048,33,80,3704
6592,4586,49,359,4616,,3111,26,464,3450
6605,4939,17,760,4971,,3086,45,722,3150
6607,4107,16,432,5459,,3394,4,20,4022
6619,4043,2,279,4585,,970,39,868,655
6623,4556,40,317,4862,,3529,16,368,3498
6628,4069,30,565,5512,,1625,28,656,56
6638,4695,1,536,4860,,2265,19,901,2137
6644,4089,42,950,5894,,3624,28,216,4003
6648,4333,46,141,4987,,2738,7,534,2286
6662,4834,12,42,5314,,3010,32,875,4341
6665,4517,14,999,5783,,1463,6,286,1422
6670,4555,1,942,5418,,3803,21,105,3953
6671,4536,7,797,4516,,1901,29,781,1332
6673,4291,8,382,5677,,1927,46,42,959
6675,4951,29,620,4844,,562,10,618,316
6677,4092,1,293,4731,,439,3,624,1609
6680,4907,8,909,4557,,1467,5,752,512
6681,4276,15,526,5167,,1969,25,400,433
6683,4171,14,130,5177,,3418,26,75,4297
6685,4723,16,335,4689,,2470,16,918,2468
6690,4388,35,562,5873,,3657,10,460,4446
6704,4596,45,878,5683,,377,16,172,1280
6706,4468,14,633,5794,,3441,44,138,3946
6721,4345,13,831,5085,,1364,1,59,550
6725,4297,40,449,5656,,1275,15,399,782
6730,4859,40,217,5116,,2662,11,171,2477
6745,4340,11,292,5315,,1706,24,728,1934
6755,4981,40,428,4745,,1995,30,820,1187
6761,4288,18,624,5587,,907,19,476,715
6771,4826,4,539,4947,,2991,6,384,2336
6777,4041,13,1000,4646,,2967,37,697,2032
6783,4391,44,572,4838,,2996,0,908,2615
6786,4438,31,880,5191,,3078,5,108,4167
6788,4993,1,73,5969,,3099,45,297,3848
6790,4770,13,360,5267,,1912,44,748,619
6791,4230,5,486,5893,,3553,17,271,3156
6792,4271,2,314,5038,,3583,0,726,3349
6796,4417,0,392,5132,,1062,10,893,997
6798,4537,30,829,4631,,3160,30,97,3558
6800,4397,25,805,4579,,2419,6,110,2116
6803,5000,24,301,5879,,94,32,22,1615
6809,4096,43,917,5484,,1952,2,300,462
6811,4876,1,688,4820,,3134,30,502,4056
6813,4557,38,549,5926,,1879,0,403,1122
6816,4887,50,996,5543,,3129,50,381,3801
6818,4840,31,455,4672,,3235,16,276,3096
6828,4008,43,110,4707,,2979,7,184,2162
6829,4970,35,660,4625,,449,39,626,360
6834,4577,4,664,4626,,2350,15,763,2428
6836,4678,22,833,5381,,2653,9,838,2468
6840,4612,50,828,5299,,3205,33,874,3041
6847,4079,38,725,5385,,2078,50,701,2769
6851,4318,46,283,5680,,1531,48,710,1737
6852,4055,47,584,5502,,3374,26,600,3622
6854,4067,30,413,4779,,533,29,343,1705
6871,4014,48,430,5674,,1111,46,781,237
6877,4582,2,341,4926,,2393,34,596,2573
6881,4118,3,680,4938,,710,1,212,1326
6884,4250,13,829,5501,,1278,12,509,25
6890,4387,48,594,4551,,3708,35,319,3331
6892,4070,38,998,5722,,413,2,594,504
6899,4349,28,466,4815,,3549,49,49,3908
6902,4761,31,775,5579,,2820,16,755,2420
6903,4967,2,158,5403,,1568,39,479,665
6909,4580,14,435,5726,,1709,35,308,1836
6912,4911,49,12,4690,,2393,9,567,2866
6916,4034,39,564,4570,,1230,37,186,1228
6919,4083,34,461,5038,,3851,15,103,3708
6921,4432,32,238,5255,,3268,2,273,3471
6923,4296,19,757,4838,,3550,31,11,3398
6928,4112,46,141,5634,,2007,10,800,2729
6933,4701,10,348,5527,,509,21,539,262
6936,4593,47,994,5545,,3984,20,920,3182
6946,4509,50,610,4976,,3875,29,300,3876
6948,4829,37,152,5734,,924,39,936,157
6949,4071,25,456,5076,,1736,33,432,1648
6961,4713,35,50,5570,,1949,50,706,728
6964,4192,46,534,4954,,1083,13,935,1947
6965,4531,31,139,5854,,2515,48,313,2593
6968,4354,48,453,5230,,1474,32,771,1038
6991,4686,6,68,5942,,2557,46,443,2521
6992,4062,1,802,4896,,2087,23,973,2896
6994,4290,44,562,4991,,560,24,666,35
6995,4563,35,313,4739,,1111,38,7,649
6996,4494,45,447,5041,,2439,10,14,2872
6998,4704,26,814,5553,,2339,20,285,2627
7001,4279,10,75,4646,,3915,0,359,4000
7011,4607,48,399,4918,,643,2,535,370
7012,4150,49,227,4821,,1560,10,190,639
7017,4028,8,590,5838,,3772,27,791,4448
7022,4907,1,877,5585,,1142,21,603,1956
7023,4478,27,906,5752,,271,9,197,895
7027,4421,48,628,5900,,1096,40,784,178
7028,4229,22,272,4750,,1423,32,115,1035
7038,4991,44,150,5888,,1211,17,455,1108
7042,4191,20,276,5165,,2710,13,508,2295
7047,4785,48,665,5242,,428,28,323,1391
7050,4440,20,737,5629,,3407,10,647,4412
7051,4698,38,485,5941,,3689,45,191,3216
7056,4043,42,501,5742,,3846,32,267,3974
7065,4758,23,123,5288,,3228,0,569,4305
7066,4867,11,962,5076,,1757,2,738,1679
7070,4976,37,307,5030,,2030,14,79,2304
7074,4731,50,70,5924,,3577,43,784,4094
7078,4915,46,478,4783,,2013,42,890,2103
7082,4747,4,609,5231,,50,38,212,1681
7088,4499,7,586,5022,,125,50,540,1593
7093,4374,35,368,5262,,1239,24,174,1800
7106,4910,26,336,5248,,1590,50,662,484
7112,4758,12,841,5195,,368,29,463,258
7115,4736,15,171,5775,,1569,37,846,838
7118,4459,26,337,5382,,2732,30,929,2578
7119,4114,14,754,5275,,2919,32,261,2656
7122,4300,38,101,5809,,364,37,428,311
7130,4457,2,335,5980,,2103,12,985,2855
7138,4135,31,983,4865,,3600,26,725,3688
7144,4575,18,54,5603,,659,15,730,444
7148,4987,21,434,4589,,439,25,984,181
7149,4493,45,922,5571,,2111,16,566,2894
7154,4494,16,786,5269,,1633,47,434,308
7157,4743,24,974,5670,,3345,11,46,4006
7162,4318,43,397,4705,,3149,47,126,3363
7164,4822,25,655,5772,,1286,20,510,306
7165,4663,17,116,5812,,135,13,214,373
7167,4077,49,558,5503,,3109,16,213,3997
7174,4083,47,71,5306,,1465,3,134,1298
7176,4505,25,534,4847,,58,4,286,665
7183,4505,27,535,5235,,3862,40,464,3368
7187,4948,39,470,5922,,2530,19,845,2004
7205,4175,25,965,5179,,1181,15,11,1536
7206,4157,42,864,4926,,3880,40,793,3125
7213,4987,8,304,4501,,2771,12,595,2501
7215,4025,9,339,5573,,916,11,780,1944
7220,4314,9,831,5536,,586,33,193,1213
7224,4246,34,139,4901,,197,41,619,545
7225,4594,42,709,5115,,3187,39,592,3027
7233,4051,16,34,5108,,436,3,993,804
7236,4115,4,511,4857,,2967,8,427,2167
7237,4905,28,549,5299,,1105,31,608,1559
7238,4649,3,251,5650,,2355,32,249,2461
7240,4631,49,432,4951,,1924,11,182,1487
7246,4817,13,633,5292,,73,46,55,387
7264,4099,22,524,5010,,2626,43,438,2198
7279,4324,35,378,5898,,1161,4,264,331
7283,4571,44,997,5108,,476,50,406,1346
7284,4164,35,724,5849,,1799,35,789,1453
7286,4961,3,228,5976,,934,33,281,1469
7289,4610,32,280,5934,,105,17,593,1822
7292,4452,8,137,4999,,36,16,858,707
7296,4708,2,457,4614,,1769,0,990,1876
7298,4094,17,543,4565,,1873,47,111,1409
7304,4923,2,66,5663,,3559,37,461,3425
7305,5000,29,230,4965,,156,9,360,424
7306,4390,44,616,4790,,1928,24,941,1069
7314,4914,35,785,5737,,770,40,219,667
7320,4971,47,102,5346,,400,10,908,856
7321,4373,15,716,5651,,1075,35,699,1680
7322,4061,11,893,5034,,932,6,764,895
7345,4860,47,112,4985,,1462,10,848,1584
7350,4793,44,286,4927,,1380,27,767,750
7353,4633,10,349,5082,,674,28,292,435
7357,4684,5,506,4997,,1593,27,246,1213
7364,4031,27,197,5895,,240,19,321,893
7365,4980,0,538,4618,,3162,29,814,4377
7380,4066,22,51,4983,,3475,43,580,3754
7383,4566,10,572,4583,,2890,17,895,2922
7393,4612,46,634,5154,,3926,40,969,3044
7395,4377,2,363,4883,,1441,25,316,319
7405,4898,27,890,5558,,1934,29,390,1497
7406,4114,1,615,5294,,202,36,666,977
7409,4445,10,955,5788,,582,22,527,700
7411,4447,41,827,5874,,419,5,986,1425
7420,4546,10,393,5936,,2309,17,594,2667
7421,4393,38,962,4691,,675,33,877,93
7422,4173,25,272,5183,,859,25,127,860
7423,4208,34,200,5737,,2263,36,447,2712
7426,4981,43,154,4825,,1322,21,743,964
7428,4492,38,242,4735,,726,34,843,1027
7451,4166,31,260,5131,,2432,12,902,2399
7457,4187,50,462,5988,,2420,13,776,2256
7459,4465,45,863,5644,,591,48,704,1034
7460,4458,45,800,5465,,2775,17,263,2833
7463,4456,17,109,5910,,3236,46,918,3661
7470,4241,19,750,4687,,2841,47,254,2310
7479,4439,38,79,4769,,1387,3,946,1258
7483,4088,11,192,5168,,609,30,366,1457
7503,4633,10,883,4993,,2778,47,894,2448
7504,4965,4,144,5113,,749,3,830,1857
7508,4881,8,259,5870,,3518,35,174,4393
7515,4624,41,73,5521,,2972,39,720,2600
7526,4674,47,588,5860,,3059,12,962,3724
7527,4701,9,744,5247,,1400,23,62,1554
7529,4057,5,289,4700,,2711,34,871,2473
7538,4098,22,761,4722,,915,3,227,1909
7544,4396,19,209,5908,,356,43,256,1139
7545,4877,38,515,5935,,579,5,131,838
7548,4314,29,760,5630,,1929,11,91,37
7550,4263,28,493,4968,,3563,28,461,4368
7558,4008,38,876,5722,,3875,46,451,3491
7560,4108,30,453,5572,,3278,0,156,3811
7564,4710,26,960,5806,,1048,40,285,630
7565,4450,43,84,5496,,1851,8,647,1654
7570,4082,25,550,5570,,3900,12,776,4307
7575,4735,16,793,4557,,1288,8,31,1919
7577,4472,12,105,4735,,2689,35,377,2982
7582,4778,27,443,6000,,2453,0,66,2603
7601,4692,44,135,5527,,1347,21,401,453
7604,4081,42,720,5511,,2556,35,256,2190
7605,4340,32,561,5520,,3140,5,45,3184
7609,4920,46,317,5700,,829,43,990,1129
7610,4164,40,554,5814,,1467,4,208,831
7613,4765,9,717,5596,,3599,13,551,4438
7615,4509,3,445,4839,,3920,12,726,3542
7616,4093,7,642,5103,,209,29,307,802
7618,4436,24,52,4931,,1346,46,316,1305
7619,4197,10,921,4792,,1811,18,735,332
7620,4785,46,579,5940,,3695,15,618,3442
7626,4434,32,372,5412,,777,20,709,1110
7629,4155,30,393,5134,,306,6,478,699
7636,4454,45,913,5708,,1041,36,236,704
7642,4629,42,102,5949,,3110,41,515,3975
7655,4578,26,593,5652,,1993,31,991,106
7657,4925,6,345,4789,,2367,7,230,2418
7660,4044,27,801,5601,,679,41,466,1171
7675,4448,44,786,5869,,2130,4,832,2102
7677,4151,4,823,5610,,1242,45,917,803
7683,4443,22,232,5462,,1418,11,570,951
7686,4278,5,341,5161,,703,6,243,1786
7688,4402,46,281,5087,,1991,27,732,21
7691,4524,32,603,5086,,479,34,886,935
7693,4586,31,583,5661,,3897,13,169,3091
7698,4205,40,750,5067,,3024,0,864,3545
7702,4037,2,884,5551,,3083,26,403,3029
7703,4331,42,721,5047,,3059,48,700,3679
7706,4592,10,970,5021,,1017,1,887,1219
7711,4787,18,113,5855,,2278,21,839,2283
7719,4851,14,229,5631,,2281,1,237,2675
7720,4648,41,158,5496,,1576,17,594,1150
7723,4397,24,689,4586,,699,31,95,94
7727,4228,31,945,4701,,2239,23,719,2928
7733,4284,15,295,4793,,1003,18,707,18
7740,4063,31,7,5180,,2077,23,510,2240
7742,4482,8,278,5142,,260,42,914,802
7746,4713,11,399,4510,,1493,49,491,1751
7752,4001,13,987,5824,,3985,44,832,3256
7757,4676,11,759,5944,,3470,42,181,3966
7760,4528,49,629,5736,,1274,0,873,1936
7761,4586,20,998,4922,,1964,39,724,931
7763,4719,37,123,4959,,2176,0,379,2276
7765,4654,28,897,4749,,1191,48,474,690
7771,4156,39,655,4929,,691,46,648,917
7782,4521,11,289,4687,,3110,31,617,4377
7783,4947,8,599,4878,,413,15,707,1011
7788,4562,48,294,5107,,124,22,494,1891
7791,4005,50,541,4940,,167,44,579,1310
7795,4634,33,88,5118,,555,24,217,154
7796,4884,37,250,5117,,510,37,66,1135
7797,4639,24,61,4614,,1250,17,908,1485
7800,4996,36,606,5529,,1578,15,28,219
7801,4220,37,246,5354,,843,0,949,575
7805,4829,48,77,4846,,891,8,600,1766
7813,4391,42,789,4969,,1332,19,355,451
7819,4597,42,277,5100,,2207,31,250,2002
7821,4541,3,603,5426,,1700,42,387,1736
7824,4575,10,226,5477,,3004,47,101,3629
7837,4962,25,20,4755,,3815,6,245,4060
7839,4811,19,569,4541,,521,3,566,343
7844,4081,26,570,4555,,1284,32,618,1125
7849,4991,45,370,5768,,531,14,790,121
7851,4240,17,956,5079,,1038,46,830,1946
7852,4315,34,250,5861,,1944,44,395,840
7857,4639,27,85,5142,,2268,16,404,2481
7865,4046,23,985,4554,,514,18,961,1564
7868,4826,7,852,4583,,392,31,973,1856
7871,4133,29,136,5368,,3346,5,563,3883
7880,4790,0,377,5956,,865,3,451,270
7884,4346,10,524,4561,,972,21,424,1298
7894,4750,18,578,5685,,62,9,644,34
7897,4381,16,161,4859,,988,25,927,1678
7901,4773,38,578,5587,,3757,9,978,3438
7909,4673,47,533,5462,,2277,19,873,2888
7915,4502,38,853,5225,,46,27,290,579
7922,4712,8,390,5299,,1684,27,844,1928
7929,4566,20,227,5384,,106,39,158,1443
7932,4441,5,96,5218,,3781,29,971,4450
7934,4456,20,843,5474,,1041,30,554,502
7936,4728,41,646,5694,,1595,6,456,363
7937,4037,34,417,5850,,1301,3,800,1086
7944,4149,5,403,4814,,1150,28,934,1466
7947,4990,1,676,5309,,1228,19,0,62
7954,4609,16,150,4591,,929,45,969,1439
7963,4009,15,149,4657,,58,3,972,1258
7966,4201,41,793,5695,,1867,3,700,844
7970,4938,1,189,4741,,1696,25,7,566
8000,4045,40,856,5612,,3459,6,27,4145
8040,4699,23,432,5543,,1202,38,531,1644
8056,4496,25,952,4788,,1593,9,384,579
8075,4725,49,105,5612,,3651,18,777,3137
8076,4368,41,539,4704,,1828,19,518,162
8079,4074,36,458,5242,,1821,47,955,115
8080,4674,12,773,5699,,709,47,59,469
8090,4772,34,663,4997,,479,7,803,1647
8093,4091,19,498,5856,,117,22,59,67
8101,4805,41,319,5026,,1986,6,198,492
8102,4333,22,8,4810,,2252,47,722,2098
8105,4317,31,980,5866,,842,33,234,1236
8111,4723,12,48,4652,,2969,43,12,2289
8113,4364,40,103,4893,,3053,8,35,3015
8115,4591,50,157,4581,,1426,29,862,1169
8119,4852,30,918,5975,,1662,24,294,333
8120,4427,38,232,4747,,267,11,819,526
8133,4434,27,232,5471,,2385,18,588,2049
8139,4733,31,710,5923,,3905,5,666,4422
8141,4442,3,707,5985,,139,23,666,910
8143,4772,17,956,4737,,778,31,92,1885
8149,4158,40,153,5469,,378,14,223,1443
8153,4747,6,419,5967,,2863,12,457,2665
8162,4149,24,977,5627,,1174,16,45,1212
8167,4726,42,885,4750,,395,16,967,2
8171,4418,49,565,4643,,2691,21,38,2176
8174,4186,48,264,4952,,1693,48,787,1820
8176,4748,46,416,5369,,1859,41,141,432
8178,4458,8,350,5103,,3305,28,639,4404
8179,4551,24,363,5729,,2675,35,703,2150
8180,4856,48,344,5896,,2118,35,847,2427
8195,4078,13,129,4736,,2662,36,263,2948
8199,4663,8,728,4996,,1053,5,556,1062
8215,4892,20,690,5224,,1224,44,204,1397
8217,4868,35,972,4615,,706,13,870,25
8220,4864,27,591,5457,,1584,50,218,1309
8225,4716,32,213,5405,,1285,20,867,1320
8229,4715,27,884,5238,,16,18,777,1746
8233,4866,3,589,5586,,764,31,832,1538
8250,4995,34,792,5644,,373,34,959,1511
8260,4900,42,270,4507,,1705,12,213,1372
8269,4634,32,342,4932,,762,37,168,416
8274,4882,38,485,5614,,716,3,44,1552
8278,4011,43,73,4622,,2227,0,256,2483
8285,4017,9,121,4624,,491,49,736,889
8290,4819,36,187,5064,,408,10,259,1964
8295,4749,48,129,5907,,995,12,342,323
8296,4253,45,350,4790,,2305,38,337,2218
8303,4703,29,28,4572,,3376,3,266,3056
8306,4299,34,122,4618,,2733,41,95,2117
8313,4521,16,402,4959,,3903,48,715,3125
8318,4933,42,167,4529,,2785,34,271,2616
8321,4091,31,543,4917,,3152,36,213,4101
8322,4038,5,474,5827,,1218,2,858,255
8324,4292,22,111,5756,,1363,38,744,830
8331,4278,28,547,5185,,634,47,64,1375
8336,4027,19,59,4869,,2146,25,626,2669
8347,4285,18,392,4993,,2592,14,111,2266
8350,4484,14,457,4995,,3069,22,578,4490
8353,4162,40,960,4864,,2887,36,881,2788
8354,4764,37,429,5128,,16,34,925,1794
8355,4218,2,890,5141,,568,21,86,1655
8361,4820,21,246,5038,,3302,30,278,4023
8362,4514,4,901,5785,,895,42,804,578
8363,4186,17,594,4550,,3605,25,94,3745
8364,4621,32,805,5837,,2630,4,46,2883
8366,4051,3,296,5884,,3576,46,570,3385
8371,4571,24,832,4870,,566,10,726,26
8400,4464,32,557,5075,,3856,47,279,4121
8407,4272,12,351,5977,,2906,27,719,2504
8412,4486,41,17,4558,,2993,47,182,2314
8416,4330,22,836,4873,,1580,14,419,834
8423,4024,32,407,5620,,2799,19,471,2003
8426,4797,42,692,4866,,3183,23,316,4481
8433,4215,27,445,5724,,3704,35,525,4275
8445,4169,30,993,5784,,2578,38,999,2786
8458,4481,6,827,5552,,1711,14,957,37
8463,4090,37,913,4941,,13,7,264,583
8466,4031,47,624,5537,,2424,12,992,2306
8474,4129,27,484,5033,,3407,46,178,3818
8475,4402,42,601,5294,,2979,28,288,2870
8480,4100,49,195,4658,,1323,1,664,1366
8493,4071,6,760,5962,,485,41,903,3
8494,4281,15,554,4666,,3233,26,440,4486
8498,4930,40,654,5398,,983,39,729,275
8503,4747,15,367,4592,,1304,27,292,1172
8504,4409,48,800,5441,,3585,29,104,4321
8516,4759,28,188,5377,,2020,6,790,2309
8517,4488,40,584,5323,,665,29,829,326
8525,4884,36,462,5213,,3469,45,249,3573
8533,4196,4,813,5073,,1777,9,369,556
8547,4069,28,142,5930,,341,48,758,236
8548,4901,7,829,5455,,427,19,948,694
8549,4455,7,5,5493,,486,4,695,646
8550,4876,39,401,4673,,3234,40,110,3626
8559,4112,26,113,4726,,909,47,573,1835
8565,4384,49,383,4685,,3433,21,55,3959
8566,4453,3,432,5769,,3739,18,194,3995
8599,4369,17,425,5657,,52,14,741,1962
8601,4832,17,67,5772,,1158,45,21,1081
8603,4136,33,114,5382,,799,47,440,1263
8605,4552,30,706,4604,,276,24,287,1169
8611,4913,18,267,5438,,2854,18,548,2618
8612,4444,44,818,4567,,907,11,834,1254
8616,4957,39,597,5058,,962,4,214,769
8618,4790,16,339,5482,,3757,24,269,3740
8628,4007,43,58,4798,,2668,22,857,2022
8645,4965,9,848,5064,,3295,44,413,4223
8647,4349,45,556,5621,,923,34,52,1564
8650,4405,37,548,5360,,2649,27,74,2433
8654,4571,38,718,4797,,1808,30,462,1740
8661,4882,43,856,4968,,459,6,924,1598
8663,4620,34,298,4879,,2777,38,507,2172
8671,4009,50,607,5384,,3917,33,463,3425
8697,4680,33,904,5173,,3048,11,496,4327
8701,4495,18,566,5003,,1116,33,357,1319
8703,4493,4,906,5009,,191,42,484,1286
8709,4210,19,738,5201,,3199,13,919,4132
8725,4110,37,797,5576,,1007,16,857,78
8731,4675,23,321,5113,,330,25,406,104
8733,4938,5,651,5917,,975,21,604,195
8735,4638,2,870,4716,,1859,9,260,1944
8742,4630,37,465,4641,,1382,39,395,1439
8748,4535,11,591,4819,,1932,32,112,1318
8755,4199,5,669,5767,,2173,48,372,2798
8760,4652,37,21,4682,,3123,14,165,4268
8770,4445,23,606,5580,,1130,10,945,1233
8787,4869,40,626,5523,,261,25,122,1342
8804,4037,44,791,5239,,645,47,949,1652
8808,4213,11,403,4844,,3867,47,87,4240
8809,4854,2,404,5596,,1390,45,844,1451
8812,4333,19,903,5704,,1686,10,999,482
8815,4279,4,295,5032,,2257,5,134,2740
8818,4101,6,134,4601,,2818,34,41,2122
8820,4011,35,718,4533,,3338,26,509,3683
8821,4724,21,533,5484,,361,31,239,1180
8822,4426,17,627,5633,,1002,35,74,1804
8823,4522,24,675,5261,,770,22,921,926
8824,4453,18,206,5759,,43,20,216,195
8827,4967,38,856,4554,,721,34,349,168
8833,4891,6,769,4941,,618,5,77,505
8834,4035,0,881,5193,,1439,8,406,1051
8846,4617,6,460,5118,,1976,4,761,232
8852,4420,34,789,5161,,2299,39,846,2967
8855,4710,33,728,5807,,2454,16,371,2157
8856,4970,4,732,5347,,2727,8,102,2561
8858,4622,32,908,5551,,661,16,249,780
8859,4379,30,116,4506,,2313,44,95,2987
8863,4344,33,706,4810,,22,1,783,1287
8868,4568,8,985,5475,,286,21,280,1646
8872,4778,12,510,5453,,2535,10,761,2109
8877,4149,33,244,5832,,151,31,702,415
8882,4665,9,266,4897,,591,10,160,1199
8897,4725,46,347,5052,,2715,41,859,2509
8899,4534,8,487,4537,,3553,16,970,3370
8911,4164,25,126,5289,,3598,18,175,3443
8917,4375,45,659,5746,,702,43,171,192
8931,4682,29,811,4907,,3501,4,472,3449
8933,4514,25,111,5161,,2354,14,913,2227
8935,4327,0,80,5570,,991,14,596,894
8943,4434,41,225,5013,,1054,31,669,1583
8946,4960,27,283,5091,,1376,32,959,1169
8956,4527,27,191,5084,,3147,22,160,4289
8983,4673,29,631,5480,,1958,30,706,1565
8986,4212,36,662,5826,,3138,48,913,3480
8990,4548,17,424,5585,,2725,7,460,2274
8994,4076,28,8,4973,,2654,18,380,2882
8995,4112,40,690,4869,,306,34,55,277
9002,4103,43,444,5427,,3014,36,926,4143
9004,4222,33,822,5994,,2606,6,249,2268
9006,4950,50,310,4602,,1320,12,364,94
9007,4880,15,950,4556,,3789,25,77,4489
9012,4524,5,325,5862,,2334,36,819,2843
9013,4528,29,381,5449,,1601,44,967,1933
9029,4371,47,323,5627,,1395,49,473,1465
9033,4752,39,905,4518,,2984,35,13,2911
9042,4749,29,154,4532,,803,21,321,1370
9051,4752,38,829,5150,,2371,32,687,2439
9055,4922,16,563,5281,,1764,3,918,1347
9060,4057,23,744,5233,,3287,39,671,3732
9061,4005,32,402,4650,,1531,8,287,309
9073,4082,3,178,5614,,2033,44,25,2932
9089,4904,14,932,5624,,3990,48,543,3933
9097,4718,48,375,5107,,2214,30,874,2691
9100,4598,3,163,4758,,0,15,388,1574
9127,4149,33,111,4975,,428,26,993,1440
9130,4907,4,761,5717,,1755,4,129,777
9136,4765,36,431,4680,,3614,5,689,4384
9142,4304,29,267,5626,,3150,25,647,4104
9144,4531,31,675,4669,,3470,3,541,3448
9145,4880,47,58,5116,,2953,45,940,2604
9150,4390,5,324,4793,,637,46,170,1294
9151,4523,35,462,4572,,93,23,544,1509
9159,4514,6,239,5866,,1582,32,679,1768
9160,4982,0,295,4677,,2267,36,520,2117
9163,4786,15,102,4797,,603,46,885,1189
9164,4420,8,230,5089,,1647,13,861,279
9166,4202,36,847,5044,,1084,20,320,960
9168,4624,46,520,5392,,3807,0,757,3688
9173,4887,46,501,5126,,3792,0,603,4064
9175,4628,31,936,4503,,2806,32,21,2484
9179,4910,22,836,4603,,576,8,776,755
9180,4849,39,77,5233,,3575,30,179,3618
9181,4036,29,448,4511,,1052,10,256,546
9188,4477,9,780,4683,,51,45,411,1767
9195,4213,38,509,5742,,1319,22,741,50
9198,4928,31,237,4982,,1621,44,53,1768
9204,4970,37,272,5318,,3338,22,518,4048
9211,4284,33,985,5908,,3158,45,784,3454
9216,4946,46,788,5236,,816,31,302,174
9218,4327,16,62,5030,,3197,22,774,4332
9230,4950,15,940,5581,,2177,50,865,2525
9241,4113,25,127,4516,,1679,27,192,1146
9242,4519,45,116,4998,,1389,33,699,654
9245,4897,50,867,5381,,1564,35,820,196
9250,4103,50,651,5727,,3890,13,62,3022
9252,4365,13,404,4957,,239,17,950,1293
9262,4897,47,93,4764,,553,31,883,193
9265,4071,47,413,5133,,3355,37,851,4182
9270,4985,11,847,5781,,1458,21,414,1474
9278,4614,11,750,5888,,2000,47,931,702
9283,4235,40,511,4918,,674,48,384,954
9304,4660,39,918,5888,,1660,26,172,44
9308,4102,26,220,5766,,2358,17,281,2864
9319,4627,50,575,5090,,2349,5,332,2464
9323,4232,12,692,5668,,1669,36,136,319
9327,4624,6,956,5793,,1537,28,190,1035
9338,4348,36,773,5702,,1802,14,571,1624
9340,4679,45,161,4506,,1126,36,190,650
9345,4704,29,714,5096,,3587,0,763,3427
9346,4433,8,3,5395,,2682,25,13,2097
9375,4705,7,102,5008,,880,13,942,910
9382,4165,19,872,5646,,2657,23,227,2224
9392,4123,50,655,5403,,1615,15,113,1288
9395,4753,28,865,5606,,2090,38,589,2332
9412,4923,49,944,4790,,1720,31,454,177
9417,4001,41,658,4731,,1776,45,818,479
9424,4497,4,308,5300,,1175,35,990,1157
9429,4559,40,317,4864,,1864,5,723,1951
9445,4008,19,215,5448,,225,38,387,122
9452,4072,24,844,4652,,599,26,271,785
9464,4421,24,220,5875,,3901,47,765,4495
9468,4257,38,530,5417,,1724,4,52,554
9470,4947,2,108,5327,,79,29,137,1230
9480,4444,24,823,4974,,2996,19,405,2661
9481,4650,40,547,4939,,3372,20,387,3399
9484,4733,28,823,5650,,3581,21,971,3319
9485,4371,27,79,5981,,3295,20,824,3560
9487,4722,39,985,5280,,866,44,486,991
9489,4088,20,878,5098,,2788,33,796,2963
9492,4991,45,815,5669,,3289,23,392,3819
9496,4444,12,372,5801,,1785,36,53,161
9504,4428,49,267,5865,,1869,39,133,20
9505,4583,18,519,4583,,2413,38,941,2068
9509,4140,12,699,5140,,1439,25,913,744
9515,4600,4,472,4610,,3901,47,505,4498
9534,4558,25,29,5708,,46,31,101,1852
9536,4811,28,6,4967,,3068,33,606,3896
9541,4896,31,447,4661,,3215,44,477,3218
9548,4687,12,439,4867,,3546,17,863,4303
9557,4196,16,584,4560,,84,23,906,1866
9559,4791,10,486,5899,,727,14,540,1452
9572,4234,33,368,5956,,1317,9,445,1310
9575,4706,19,495,5906,,888,3,803,1130
9576,4400,43,674,5701,,1594,34,28,1995
9583,4574,32,96,5870,,3247,24,19,3657
9584,4438,49,822,5685,,3111,37,611,4101
9589,4419,17,665,4683,,2276,28,701,2531
9594,4681,42,338,5638,,201,46,651,1560
9598,4586,50,775,5126,,2489,29,899,2695
9601,4123,19,562,5937,,2511,0,869,2812
9602,4679,28,488,5144,,3770,1,781,3657
9604,4564,45,337,4699,,2945,35,970,2709
9606,4445,24,399,4522,,3246,25,672,3791
9608,4828,6,901,5777,,1543,41,308,1853
9616,4523,24,966,5296,,1179,38,583,712
9618,4772,13,373,5005,,3517,15,98,4328
9629,4902,37,321,5827,,1461,7,878,1806
9632,4664,22,854,4794,,121,11,1000,1966
9638,4192,49,473,5567,,3635,34,311,3264
9641,4695,33,473,5796,,3858,28,886,4493
9657,4342,11,247,5164,,453,36,724,113
9658,4951,28,65,5385,,3679,24,72,3550
9663,4890,5,201,4575,,3904,33,226,4043
9677,4738,0,738,5209,,2544,32,578,2777
9683,4281,23,938,5299,,3863,0,713,3633
9695,4321,15,428,5742,,2317,8,129,2564
9703,4311,4,153,5025,,1545,21,699,216
9704,4798,19,611,5849,,3177,31,340,3676
9734,4156,35,112,5629,,622,43,707,404
9743,4204,0,245,4742,,3690,32,560,4251
9751,4519,39,750,4506,,2315,3,390,2324
9752,4733,15,280,4668,,2751,24,813,2185
9754,4306,17,644,4996,,3019,1,85,4087
9759,4809,4,535,4848,,662,8,31,722
9778,4125,38,469,5482,,3036,12,230,3849
9787,4855,15,27,4837,,2180,16,300,2064
9795,4657,3,507,4851,,1675,4,585,1360
9798,4373,21,460,5123,,2170,11,805,2122
9806,4769,25,99,4785,,2714,5,137,2504
9811,4261,13,838,5030,,1945,10,78,973
9812,4506,9,570,4754,,307,47,380,884
9829,4587,5,173,5672,,374,19,609,849
9846,4076,28,440,4781,,2710,1,176,2171
9855,4364,17,736,4938,,1205,46,592,251
9861,4303,28,664,5128,,866,2,84,1589
9865,4323,50,995,5804,,1762,33,578,1280
9868,4455,25,794,5690,,2178,36,190,2767
9874,4378,40,996,5520,,383,39,824,706
9877,4618,22,36,5532,,1295,6,28,994
9879,4301,1,371,5067,,129,12,300,484
9884,4169,4,818,5343,,2710,24,221,2253
9897,4785,3,812,4589,,3224,13,403,3310
9900,4106,43,507,5357,,1102,38,313,257
9909,4886,48,932,5706,,3165,9,472,3653
9912,4841,28,540,5613,,1889,38,694,1104
9927,4949,39,916,5596,,3631,1,690,3124
9930,4872,6,385,5943,,2800,35,413,2913
9939,4858,40,704,5745,,3444,38,846,3581
9941,4088,49,362,5037,,1352,30,412,907
9949,4618,4,159,5059,,480,17,953,1709
9960,4966,3,636,4509,,1030,48,772,1364
9961,4315,1,675,4808,,2183,36,199,2324
9965,4404,13,319,5426,,723,27,447,399
9979,4416,23,647,4750,,3871,34,537,3117
9992,4137,26,184,5372,,355,41,907,140
